/*
Navicat MySQL Data Transfer

Source Server         : mine
Source Server Version : 50557
Source Host           : 112.74.60.248:3306
Source Database       : main-data

Target Server Type    : MYSQL
Target Server Version : 50557
File Encoding         : 65001

Date: 2018-06-17 23:36:19
*/

set character set utf8;
-- 创建数据库
create database `main-data` default character set utf8 collate utf8_general_ci;

use `main-data`;

SET FOREIGN_KEY_CHECKS=0;

-- ----------------------------
-- Table structure for base_module_resources
-- ----------------------------
DROP TABLE IF EXISTS `base_module_resources`;
CREATE TABLE `base_module_resources` (
  `ID` varchar(36) NOT NULL,
  `MODULE_NAME` varchar(64) DEFAULT NULL,
  `MODULE_CODE` varchar(64) DEFAULT NULL,
  `MODULE_PATH` varchar(255) DEFAULT NULL,
  `PARENT_ID` varchar(36) DEFAULT NULL,
  `MODULE_ICON` varchar(64) DEFAULT NULL,
  `HTTP_METHOD` varchar(8) DEFAULT NULL,
  `IS_OPERATING` int(11) DEFAULT NULL COMMENT '0 否，1 是',
  `SORT` int(11) DEFAULT NULL,
  `SYSTEM_ID` varchar(36) DEFAULT NULL,
  `ACTIVE` int(11) DEFAULT NULL,
  `CREATE_DATE` datetime DEFAULT NULL,
  `UPDATE_DATE` datetime DEFAULT NULL,
  PRIMARY KEY (`ID`),
  KEY `FK_Reference_5` (`PARENT_ID`),
  KEY `SYSTEM_ID` (`SYSTEM_ID`),
  CONSTRAINT `FK_Reference_5` FOREIGN KEY (`PARENT_ID`) REFERENCES `base_module_resources` (`ID`) ON DELETE CASCADE,
  CONSTRAINT `FK_Reference_6` FOREIGN KEY (`SYSTEM_ID`) REFERENCES `base_system` (`ID`) ON DELETE CASCADE ON UPDATE CASCADE
) ENGINE=InnoDB DEFAULT CHARSET=utf8;

-- ----------------------------
-- Records of base_module_resources
-- ----------------------------
INSERT INTO `base_module_resources` VALUES ('113e9c94-8405-11e7-b35a-00ff6227aaa1', '系统设置', 'STSTEM_SETTINGS', '/system', null, 'el-icon-setting', null, '0', '1', 'd69060a3-914b-11e7-8c99-00ff6227aaa1', '1', '2017-08-18 19:04:21', '2017-08-23 16:13:29');
INSERT INTO `base_module_resources` VALUES ('142ce669-96a2-11e7-863e-00ff6227aaa1', '查询模块表格', 'QUERY_MODULE_TABLE', '/module/table', 'e69131c2-870d-11e7-ad1e-00ff6227aaa1', null, 'POST', '1', null, 'd69060a3-914b-11e7-8c99-00ff6227aaa1', '1', '2017-09-11 11:33:31', null);
INSERT INTO `base_module_resources` VALUES ('26305844-96a5-11e7-863e-00ff6227aaa1', '获取已授权的模块', 'GET_ROLE_AUTH_MODULE', '/role/auth/{roleId}', '32d0aeab-8405-11e7-b35a-00ff6227aaa1', null, 'GET', '1', '0', 'd69060a3-914b-11e7-8c99-00ff6227aaa1', '1', '2017-09-07 11:37:49', null);
INSERT INTO `base_module_resources` VALUES ('2675469b-96a4-11e7-863e-00ff6227aaa1', '查询系统表格', 'QUERY_SYSTEM_TABLE', '/system/table', 'b25a02e3-92c7-11e7-8c99-00ff6227aaa1', null, 'POST', '1', '0', 'd69060a3-914b-11e7-8c99-00ff6227aaa1', '1', '2017-09-07 11:37:49', null);
INSERT INTO `base_module_resources` VALUES ('2c82fb06-8405-11e7-b35a-00ff6227aaa1', '用户管理', 'USER_MANAGED', '/user', '113e9c94-8405-11e7-b35a-00ff6227aaa1', 'el-icon-menu', null, '0', '1', 'd69060a3-914b-11e7-8c99-00ff6227aaa1', '1', '2017-09-11 10:53:15', '2017-08-23 17:09:34');
INSERT INTO `base_module_resources` VALUES ('31e6c4b8-96a6-11e7-863e-00ff6227aaa1', '获取所有角色', 'GET_ROLES', '/role', '32d0aeab-8405-11e7-b35a-00ff6227aaa1', null, 'GET', '1', null, 'd69060a3-914b-11e7-8c99-00ff6227aaa1', '1', '2017-09-11 12:02:45', null);
INSERT INTO `base_module_resources` VALUES ('32d0aeab-8405-11e7-b35a-00ff6227aaa1', '角色管理', 'ROLE_MANAGED', '/role', '113e9c94-8405-11e7-b35a-00ff6227aaa1', null, null, '0', '2', 'd69060a3-914b-11e7-8c99-00ff6227aaa1', '1', '2017-09-11 10:53:13', null);
INSERT INTO `base_module_resources` VALUES ('366b227a-2c30-11e8-bb2a-2cfda1b1e42a', '校验角色编码', 'VALIDATE_ROLE_CODE', '/role/validate/{roleCode}', '32d0aeab-8405-11e7-b35a-00ff6227aaa1', null, 'GET', '1', '0', 'd69060a3-914b-11e7-8c99-00ff6227aaa1', '1', '2018-03-20 19:17:02', null);
INSERT INTO `base_module_resources` VALUES ('3c6bf3e2-969c-11e7-863e-00ff6227aaa1', '查询系统', 'QUERY_SYSTEM', '/system', 'b25a02e3-92c7-11e7-8c99-00ff6227aaa1', null, 'GET', '1', null, 'd69060a3-914b-11e7-8c99-00ff6227aaa1', '1', '2017-09-11 10:53:18', null);
INSERT INTO `base_module_resources` VALUES ('42179355-96a4-11e7-863e-00ff6227aaa1', '新增系统', 'ADD_SYSTEM', '/system', 'b25a02e3-92c7-11e7-8c99-00ff6227aaa1', null, 'POST', '1', '0', 'd69060a3-914b-11e7-8c99-00ff6227aaa1', '1', '2017-09-07 11:37:49', null);
INSERT INTO `base_module_resources` VALUES ('4b7f31dc-96a5-11e7-863e-00ff6227aaa1', '保存授权模块', 'SAVE_ROLE_AUTH_MODULE', '/module/role', '32d0aeab-8405-11e7-b35a-00ff6227aaa1', null, 'POST', '1', '0', 'd69060a3-914b-11e7-8c99-00ff6227aaa1', '1', '2017-09-07 11:37:49', null);
INSERT INTO `base_module_resources` VALUES ('5039b225-96a4-11e7-863e-00ff6227aaa1', '编辑系统', 'EDIT_SYSTEM', '/system', 'b25a02e3-92c7-11e7-8c99-00ff6227aaa1', null, 'PUT', '1', '0', 'd69060a3-914b-11e7-8c99-00ff6227aaa1', '1', '2017-09-07 11:37:49', null);
INSERT INTO `base_module_resources` VALUES ('55c48c41-96a2-11e7-863e-00ff6227aaa1', '新增模块', 'ADD_MODULE', '/module', 'e69131c2-870d-11e7-ad1e-00ff6227aaa1', null, 'POST', '1', null, 'd69060a3-914b-11e7-8c99-00ff6227aaa1', '1', '2017-09-11 11:35:02', null);
INSERT INTO `base_module_resources` VALUES ('56b67433-96dc-11e7-863e-00ff6227aaa1', '校验模块', 'VALIDATE_MODULE_CODE', '/module/validate/{moduleCode}', 'e69131c2-870d-11e7-ad1e-00ff6227aaa1', null, 'GET', '1', null, 'd69060a3-914b-11e7-8c99-00ff6227aaa1', '1', '2017-09-11 18:31:58', null);
INSERT INTO `base_module_resources` VALUES ('5a46be4f3e3a443f9244c8e4ca8c836b', '校验手机号码', 'VALIDATE_USER_PHONE', '/user/validate/phone/{phone}', '2c82fb06-8405-11e7-b35a-00ff6227aaa1', null, 'GET', '1', '0', 'd69060a3-914b-11e7-8c99-00ff6227aaa1', '1', '2018-06-16 18:04:54', '2018-06-16 18:51:10');
INSERT INTO `base_module_resources` VALUES ('5b5c0fe2-96a6-11e7-863e-00ff6227aaa1', '获取已授权的角色', 'GET_USER_ROLE', '/user/role/{userId}', '2c82fb06-8405-11e7-b35a-00ff6227aaa1', null, 'GET', '1', null, 'd69060a3-914b-11e7-8c99-00ff6227aaa1', '1', '2017-09-11 12:03:59', null);
INSERT INTO `base_module_resources` VALUES ('5c82bed5-96a4-11e7-863e-00ff6227aaa1', '删除系统', 'DELETE_SYSTEM', '/system', 'b25a02e3-92c7-11e7-8c99-00ff6227aaa1', null, 'DELETE', '1', '0', 'd69060a3-914b-11e7-8c99-00ff6227aaa1', '1', '2017-09-07 11:37:49', null);
INSERT INTO `base_module_resources` VALUES ('7362412e-96a2-11e7-863e-00ff6227aaa1', '编辑模块', 'EDIT_MODULE', '/module', 'e69131c2-870d-11e7-ad1e-00ff6227aaa1', null, 'PUT', '1', null, 'd69060a3-914b-11e7-8c99-00ff6227aaa1', '1', '2017-09-11 11:35:02', null);
INSERT INTO `base_module_resources` VALUES ('7bf5a9aa-96a6-11e7-863e-00ff6227aaa1', '保存用户角色授权', 'SAVE_USER_ROLE', '/user/role', '2c82fb06-8405-11e7-b35a-00ff6227aaa1', null, 'POST', '1', null, 'd69060a3-914b-11e7-8c99-00ff6227aaa1', '1', '2017-09-11 12:04:51', null);
INSERT INTO `base_module_resources` VALUES ('7e669afe-96dc-11e7-863e-00ff6227aaa1', '校验系统项目名', 'VALIDATE_PROJECT_NAME', '/system/validate/{projectName}', 'b25a02e3-92c7-11e7-8c99-00ff6227aaa1', null, 'GET', '1', null, 'd69060a3-914b-11e7-8c99-00ff6227aaa1', '1', '2018-05-13 16:40:29', null);
INSERT INTO `base_module_resources` VALUES ('7e97b3b3-96a5-11e7-863e-00ff6227aaa1', '查询用户表格', 'QUERY_USER_TABLE', '/user/table', '2c82fb06-8405-11e7-b35a-00ff6227aaa1', null, 'POST', '1', '0', 'd69060a3-914b-11e7-8c99-00ff6227aaa1', '1', '2017-09-07 11:37:49', null);
INSERT INTO `base_module_resources` VALUES ('822f714c-96a2-11e7-863e-00ff6227aaa1', '删除模块', 'DELETE_MODULE', '/module', 'e69131c2-870d-11e7-ad1e-00ff6227aaa1', null, 'DELETE', '1', null, 'd69060a3-914b-11e7-8c99-00ff6227aaa1', '1', '2017-09-11 11:35:02', null);
INSERT INTO `base_module_resources` VALUES ('8338ce98-969c-11e7-863e-00ff6227aaa1', '获取模块树', 'GET_MODULE_TREE', '/module/tree', 'e69131c2-870d-11e7-ad1e-00ff6227aaa1', null, 'POST', '1', null, 'd69060a3-914b-11e7-8c99-00ff6227aaa1', '1', '2017-09-11 10:53:20', null);
INSERT INTO `base_module_resources` VALUES ('8e669afe-96dc-11e7-863e-00ff6227aaa1', '校验用户名', 'VALIDATE_USER_NAME', '/user/validate/{userName}', '2c82fb06-8405-11e7-b35a-00ff6227aaa1', null, 'GET', '1', null, 'd69060a3-914b-11e7-8c99-00ff6227aaa1', '1', '2017-09-11 18:32:00', null);
INSERT INTO `base_module_resources` VALUES ('8f84a111-96a4-11e7-863e-00ff6227aaa1', '查询角色表格', 'QUERY_ROLE_TABLE', '/role/table', '32d0aeab-8405-11e7-b35a-00ff6227aaa1', null, 'POST', '1', '0', 'd69060a3-914b-11e7-8c99-00ff6227aaa1', '1', '2017-09-07 11:37:49', null);
INSERT INTO `base_module_resources` VALUES ('943d1ffa-96dd-11e7-863e-00ff6227aaa1', '应用管理', 'APP_MANAGED', '/app', '113e9c94-8405-11e7-b35a-00ff6227aaa1', null, 'GET', '0', '0', 'd69060a3-914b-11e7-8c99-00ff6227aaa1', '1', '2017-09-11 18:38:34', null);
INSERT INTO `base_module_resources` VALUES ('9d74d7eb-96a5-11e7-863e-00ff6227aaa1', '新增用户', 'ADD_USER', '/user', '2c82fb06-8405-11e7-b35a-00ff6227aaa1', null, 'POST', '1', '0', 'd69060a3-914b-11e7-8c99-00ff6227aaa1', '1', '2017-09-07 11:37:49', null);
INSERT INTO `base_module_resources` VALUES ('9fe933bc-96a4-11e7-863e-00ff6227aaa1', '新增角色', 'ADD_ROLE', '/role', '32d0aeab-8405-11e7-b35a-00ff6227aaa1', null, 'POST', '1', '0', 'd69060a3-914b-11e7-8c99-00ff6227aaa1', '1', '2017-09-07 11:37:49', null);
INSERT INTO `base_module_resources` VALUES ('ad04ec2c-96a4-11e7-863e-00ff6227aaa1', '编辑角色', 'EDIT_ROLE', '/role', '32d0aeab-8405-11e7-b35a-00ff6227aaa1', null, 'PUT', '1', '0', 'd69060a3-914b-11e7-8c99-00ff6227aaa1', '1', '2017-09-07 11:37:49', null);
INSERT INTO `base_module_resources` VALUES ('adc1e2dc-96a5-11e7-863e-00ff6227aaa1', '编辑用户', 'EDIT_USER', '/user', '2c82fb06-8405-11e7-b35a-00ff6227aaa1', null, 'PUT', '1', '0', 'd69060a3-914b-11e7-8c99-00ff6227aaa1', '1', '2017-09-07 11:37:49', null);
INSERT INTO `base_module_resources` VALUES ('b0c7cd02-96dd-11e7-863e-00ff6227aaa1', '查询应用表格', 'QUERY_APP_TABLE', '/client/table', '943d1ffa-96dd-11e7-863e-00ff6227aaa1', null, 'POST', '1', '0', 'd69060a3-914b-11e7-8c99-00ff6227aaa1', '1', '2017-09-11 18:39:22', null);
INSERT INTO `base_module_resources` VALUES ('b25a02e3-92c7-11e7-8c99-00ff6227aaa1', '系统管理', 'SYSTEM_MANAGED', '/system', '113e9c94-8405-11e7-b35a-00ff6227aaa1', null, null, '0', '3', 'd69060a3-914b-11e7-8c99-00ff6227aaa1', '1', '2017-08-22 15:45:08', null);
INSERT INTO `base_module_resources` VALUES ('ba185893-96a4-11e7-863e-00ff6227aaa1', '删除角色', 'DELETE_ROLE', '/role', '32d0aeab-8405-11e7-b35a-00ff6227aaa1', null, 'DELETE', '1', '0', 'd69060a3-914b-11e7-8c99-00ff6227aaa1', '1', '2017-09-07 11:37:49', null);
INSERT INTO `base_module_resources` VALUES ('c3e5fc76-96a5-11e7-863e-00ff6227aaa1', '删除用户', 'DELETE_USER', '/user', '2c82fb06-8405-11e7-b35a-00ff6227aaa1', null, 'DELETE', '1', '0', 'd69060a3-914b-11e7-8c99-00ff6227aaa1', '1', '2017-09-07 11:37:49', null);
INSERT INTO `base_module_resources` VALUES ('c54a02b8-96dd-11e7-863e-00ff6227aaa1', '新增应用', 'ADD_APP', '/client', '943d1ffa-96dd-11e7-863e-00ff6227aaa1', null, 'POST', '1', '0', 'd69060a3-914b-11e7-8c99-00ff6227aaa1', '1', '2017-09-11 18:39:56', null);
INSERT INTO `base_module_resources` VALUES ('cecfed9a0fc5452b8b4d889e5ea121ae', '校验应用id', 'VALIDATE_CLIENT_ID', '/client/validate/{clientId}', '943d1ffa-96dd-11e7-863e-00ff6227aaa1', null, 'GET', '1', '0', 'd69060a3-914b-11e7-8c99-00ff6227aaa1', '1', '2018-05-15 16:36:36', null);
INSERT INTO `base_module_resources` VALUES ('d3fccbfb-96dd-11e7-863e-00ff6227aaa1', '编辑应用', 'EDIT_APP', '/client', '943d1ffa-96dd-11e7-863e-00ff6227aaa1', null, 'PUT', '1', '0', 'd69060a3-914b-11e7-8c99-00ff6227aaa1', '1', '2017-09-11 18:40:21', null);
INSERT INTO `base_module_resources` VALUES ('e1ff4d1d-96a5-11e7-863e-00ff6227aaa1', '重置密码', 'RESET_PASSWORD', '/user/password/{newPassword}', '2c82fb06-8405-11e7-b35a-00ff6227aaa1', null, 'POST', '1', '0', 'd69060a3-914b-11e7-8c99-00ff6227aaa1', '1', '2017-09-07 11:37:49', null);
INSERT INTO `base_module_resources` VALUES ('e29bd47a-96dd-11e7-863e-00ff6227aaa1', '删除应用', 'DELETE_APP', '/client', '943d1ffa-96dd-11e7-863e-00ff6227aaa1', null, 'DELETE', '1', '0', 'd69060a3-914b-11e7-8c99-00ff6227aaa1', '1', '2017-09-11 18:40:45', null);
INSERT INTO `base_module_resources` VALUES ('e69131c2-870d-11e7-ad1e-00ff6227aaa1', '模块管理', 'MODULE_MANAGED', '/module', '113e9c94-8405-11e7-b35a-00ff6227aaa1', null, null, '0', '3', 'd69060a3-914b-11e7-8c99-00ff6227aaa1', '1', '2017-08-22 15:45:08', null);
INSERT INTO `base_module_resources` VALUES ('eff8eda4-937d-11e7-8c99-00ff6227aaa1', '查询菜单', 'QUERY_MENU', '/menu', 'e69131c2-870d-11e7-ad1e-00ff6227aaa1', null, 'GET', '1', '0', 'd69060a3-914b-11e7-8c99-00ff6227aaa1', '1', '2017-09-07 11:37:49', null);
INSERT INTO `base_module_resources` VALUES ('fe4a6d1f-96a4-11e7-863e-00ff6227aaa1', '获取系统与模块', 'GET_SYSTEM_MODULE', '/system/module', 'b25a02e3-92c7-11e7-8c99-00ff6227aaa1', null, 'GET', '1', null, 'd69060a3-914b-11e7-8c99-00ff6227aaa1', '1', '2017-09-11 10:53:18', null);

-- ----------------------------
-- Table structure for base_role
-- ----------------------------
DROP TABLE IF EXISTS `base_role`;
CREATE TABLE `base_role` (
  `ID` varchar(36) NOT NULL,
  `ROLE_CODE` varchar(64) DEFAULT NULL,
  `ROLE_NAME` varchar(64) DEFAULT NULL,
  `CREATE_DATE` datetime DEFAULT NULL,
  `UPDATE_DATE` datetime DEFAULT NULL,
  PRIMARY KEY (`ID`)
) ENGINE=InnoDB DEFAULT CHARSET=utf8;

-- ----------------------------
-- Records of base_role
-- ----------------------------
INSERT INTO `base_role` VALUES ('d352297eb11c418e94a5f8f2c1c229db', 'test', '测试角色', '2018-05-23 09:02:17', null);
INSERT INTO `base_role` VALUES ('ea75bdec-8404-11e7-b35a-00ff6227aaa1', 'sysadmin', '系统管理员', '2017-08-18 19:02:58', null);

-- ----------------------------
-- Table structure for base_role_module
-- ----------------------------
DROP TABLE IF EXISTS `base_role_module`;
CREATE TABLE `base_role_module` (
  `ID` varchar(36) NOT NULL,
  `ROLE_ID` varchar(36) DEFAULT NULL,
  `MODULE_ID` varchar(36) DEFAULT NULL,
  PRIMARY KEY (`ID`),
  KEY `FK_Reference_3` (`ROLE_ID`),
  KEY `FK_Reference_4` (`MODULE_ID`),
  CONSTRAINT `FK_Reference_3` FOREIGN KEY (`ROLE_ID`) REFERENCES `base_role` (`ID`) ON DELETE CASCADE,
  CONSTRAINT `FK_Reference_4` FOREIGN KEY (`MODULE_ID`) REFERENCES `base_module_resources` (`ID`) ON DELETE CASCADE
) ENGINE=InnoDB DEFAULT CHARSET=utf8;

-- ----------------------------
-- Records of base_role_module
-- ----------------------------
INSERT INTO `base_role_module` VALUES ('026d241f7dd4423b9bec3fce399df981', 'd352297eb11c418e94a5f8f2c1c229db', '3c6bf3e2-969c-11e7-863e-00ff6227aaa1');
INSERT INTO `base_role_module` VALUES ('1372abd931a24bddafd05dddb59dff3b', 'd352297eb11c418e94a5f8f2c1c229db', '31e6c4b8-96a6-11e7-863e-00ff6227aaa1');
INSERT INTO `base_role_module` VALUES ('1c10003ab8324a60bf73aa9cbf116975', 'd352297eb11c418e94a5f8f2c1c229db', '7e669afe-96dc-11e7-863e-00ff6227aaa1');
INSERT INTO `base_role_module` VALUES ('2239095a8b03410b9b0f6878571ead8e', 'd352297eb11c418e94a5f8f2c1c229db', '943d1ffa-96dd-11e7-863e-00ff6227aaa1');
INSERT INTO `base_role_module` VALUES ('271b057d7dc64a0f9f37d9bf04ee8a37', 'd352297eb11c418e94a5f8f2c1c229db', '26305844-96a5-11e7-863e-00ff6227aaa1');
INSERT INTO `base_role_module` VALUES ('30fe178c114d48e299b5a576e53b855b', 'd352297eb11c418e94a5f8f2c1c229db', '2675469b-96a4-11e7-863e-00ff6227aaa1');
INSERT INTO `base_role_module` VALUES ('337779fadfa64f6c8b888a24f995c206', 'd352297eb11c418e94a5f8f2c1c229db', '113e9c94-8405-11e7-b35a-00ff6227aaa1');
INSERT INTO `base_role_module` VALUES ('4fa58e78b77e4977bdd28c4510cf428c', 'd352297eb11c418e94a5f8f2c1c229db', '7e97b3b3-96a5-11e7-863e-00ff6227aaa1');
INSERT INTO `base_role_module` VALUES ('53b2dbcf6b264f3ead75cb350b339eb1', 'd352297eb11c418e94a5f8f2c1c229db', 'fe4a6d1f-96a4-11e7-863e-00ff6227aaa1');
INSERT INTO `base_role_module` VALUES ('55fa30d390584321bc6c644c097bf7d5', 'd352297eb11c418e94a5f8f2c1c229db', '8f84a111-96a4-11e7-863e-00ff6227aaa1');
INSERT INTO `base_role_module` VALUES ('5f241edfa81e42a5b72fe3ef4fff5844', 'd352297eb11c418e94a5f8f2c1c229db', 'e69131c2-870d-11e7-ad1e-00ff6227aaa1');
INSERT INTO `base_role_module` VALUES ('67ce416e629748a8b3170b2a4fab457c', 'd352297eb11c418e94a5f8f2c1c229db', '56b67433-96dc-11e7-863e-00ff6227aaa1');
INSERT INTO `base_role_module` VALUES ('6a021d873e9d4e3789a7529300937d00', 'd352297eb11c418e94a5f8f2c1c229db', 'b0c7cd02-96dd-11e7-863e-00ff6227aaa1');
INSERT INTO `base_role_module` VALUES ('73086e311647478cb084689fc972dd34', 'd352297eb11c418e94a5f8f2c1c229db', '32d0aeab-8405-11e7-b35a-00ff6227aaa1');
INSERT INTO `base_role_module` VALUES ('8a23780e6fd445b688d2be6d8c26ceb0', 'd352297eb11c418e94a5f8f2c1c229db', '142ce669-96a2-11e7-863e-00ff6227aaa1');
INSERT INTO `base_role_module` VALUES ('8ba752162b7e450595c70e58bb60eb2d', 'd352297eb11c418e94a5f8f2c1c229db', 'cecfed9a0fc5452b8b4d889e5ea121ae');
INSERT INTO `base_role_module` VALUES ('983510d092654891b947b8547fcafccf', 'd352297eb11c418e94a5f8f2c1c229db', '366b227a-2c30-11e8-bb2a-2cfda1b1e42a');
INSERT INTO `base_role_module` VALUES ('ac9595cd3b364bc29287714c11fd2c8e', 'd352297eb11c418e94a5f8f2c1c229db', 'eff8eda4-937d-11e7-8c99-00ff6227aaa1');
INSERT INTO `base_role_module` VALUES ('b68a7540e0154047a20bd03c02962736', 'd352297eb11c418e94a5f8f2c1c229db', '2c82fb06-8405-11e7-b35a-00ff6227aaa1');
INSERT INTO `base_role_module` VALUES ('bb8f0b32dba743a289c93b755551f870', 'd352297eb11c418e94a5f8f2c1c229db', '8e669afe-96dc-11e7-863e-00ff6227aaa1');
INSERT INTO `base_role_module` VALUES ('bd046988996948d398df597eb1b66c6a', 'd352297eb11c418e94a5f8f2c1c229db', 'b25a02e3-92c7-11e7-8c99-00ff6227aaa1');
INSERT INTO `base_role_module` VALUES ('cecfed9a0fc5452b8b4d889e5ea121ae', 'ea75bdec-8404-11e7-b35a-00ff6227aaa1', 'cecfed9a0fc5452b8b4d889e5ea121ae');
INSERT INTO `base_role_module` VALUES ('d7303d21bdf44cdda70a9579599bd597', 'ea75bdec-8404-11e7-b35a-00ff6227aaa1', '5a46be4f3e3a443f9244c8e4ca8c836b');
INSERT INTO `base_role_module` VALUES ('d81dd115b997417b96944ab07a859bc8', 'd352297eb11c418e94a5f8f2c1c229db', '8338ce98-969c-11e7-863e-00ff6227aaa1');
INSERT INTO `base_role_module` VALUES ('e8a5b312211f4b89bbabeb7c0f93bd6f', 'd352297eb11c418e94a5f8f2c1c229db', '5b5c0fe2-96a6-11e7-863e-00ff6227aaa1');
INSERT INTO `base_role_module` VALUES ('efffb16b-96dd-11e7-863e-00ff6227aaa1', 'ea75bdec-8404-11e7-b35a-00ff6227aaa1', '113e9c94-8405-11e7-b35a-00ff6227aaa1');
INSERT INTO `base_role_module` VALUES ('f0243a50-96dd-11e7-863e-00ff6227aaa1', 'ea75bdec-8404-11e7-b35a-00ff6227aaa1', '2c82fb06-8405-11e7-b35a-00ff6227aaa1');
INSERT INTO `base_role_module` VALUES ('f024a821-96dd-11e7-863e-00ff6227aaa1', 'ea75bdec-8404-11e7-b35a-00ff6227aaa1', '5b5c0fe2-96a6-11e7-863e-00ff6227aaa1');
INSERT INTO `base_role_module` VALUES ('f02525d7-96dd-11e7-863e-00ff6227aaa1', 'ea75bdec-8404-11e7-b35a-00ff6227aaa1', '7bf5a9aa-96a6-11e7-863e-00ff6227aaa1');
INSERT INTO `base_role_module` VALUES ('f025b799-96dd-11e7-863e-00ff6227aaa1', 'ea75bdec-8404-11e7-b35a-00ff6227aaa1', '7e97b3b3-96a5-11e7-863e-00ff6227aaa1');
INSERT INTO `base_role_module` VALUES ('f0263f61-96dd-11e7-863e-00ff6227aaa1', 'ea75bdec-8404-11e7-b35a-00ff6227aaa1', '8e669afe-96dc-11e7-863e-00ff6227aaa1');
INSERT INTO `base_role_module` VALUES ('f026bfbc-96dd-11e7-863e-00ff6227aaa1', 'ea75bdec-8404-11e7-b35a-00ff6227aaa1', '9d74d7eb-96a5-11e7-863e-00ff6227aaa1');
INSERT INTO `base_role_module` VALUES ('f02738c2-96dd-11e7-863e-00ff6227aaa1', 'ea75bdec-8404-11e7-b35a-00ff6227aaa1', 'adc1e2dc-96a5-11e7-863e-00ff6227aaa1');
INSERT INTO `base_role_module` VALUES ('f027b914-96dd-11e7-863e-00ff6227aaa1', 'ea75bdec-8404-11e7-b35a-00ff6227aaa1', 'c3e5fc76-96a5-11e7-863e-00ff6227aaa1');
INSERT INTO `base_role_module` VALUES ('f02a2f29-96dd-11e7-863e-00ff6227aaa1', 'ea75bdec-8404-11e7-b35a-00ff6227aaa1', 'e1ff4d1d-96a5-11e7-863e-00ff6227aaa1');
INSERT INTO `base_role_module` VALUES ('f02abdbb-96dd-11e7-863e-00ff6227aaa1', 'ea75bdec-8404-11e7-b35a-00ff6227aaa1', '32d0aeab-8405-11e7-b35a-00ff6227aaa1');
INSERT INTO `base_role_module` VALUES ('f02b4cc5-96dd-11e7-863e-00ff6227aaa1', 'ea75bdec-8404-11e7-b35a-00ff6227aaa1', '26305844-96a5-11e7-863e-00ff6227aaa1');
INSERT INTO `base_role_module` VALUES ('f02bd49a-96dd-11e7-863e-00ff6227aaa1', 'ea75bdec-8404-11e7-b35a-00ff6227aaa1', '31e6c4b8-96a6-11e7-863e-00ff6227aaa1');
INSERT INTO `base_role_module` VALUES ('f02c7096-96dd-11e7-863e-00ff6227aaa1', 'ea75bdec-8404-11e7-b35a-00ff6227aaa1', '4b7f31dc-96a5-11e7-863e-00ff6227aaa1');
INSERT INTO `base_role_module` VALUES ('f02cef1b-96dd-11e7-863e-00ff6227aaa1', 'ea75bdec-8404-11e7-b35a-00ff6227aaa1', '8f84a111-96a4-11e7-863e-00ff6227aaa1');
INSERT INTO `base_role_module` VALUES ('f02d8521-96dd-11e7-863e-00ff6227aaa1', 'ea75bdec-8404-11e7-b35a-00ff6227aaa1', '9fe933bc-96a4-11e7-863e-00ff6227aaa1');
INSERT INTO `base_role_module` VALUES ('f02e1c58-96dd-11e7-863e-00ff6227aaa1', 'ea75bdec-8404-11e7-b35a-00ff6227aaa1', 'ad04ec2c-96a4-11e7-863e-00ff6227aaa1');
INSERT INTO `base_role_module` VALUES ('f02ea3b4-96dd-11e7-863e-00ff6227aaa1', 'ea75bdec-8404-11e7-b35a-00ff6227aaa1', 'ba185893-96a4-11e7-863e-00ff6227aaa1');
INSERT INTO `base_role_module` VALUES ('f02f1987-96dd-11e7-863e-00ff6227aaa1', 'ea75bdec-8404-11e7-b35a-00ff6227aaa1', '943d1ffa-96dd-11e7-863e-00ff6227aaa1');
INSERT INTO `base_role_module` VALUES ('f02f9f0d-96dd-11e7-863e-00ff6227aaa1', 'ea75bdec-8404-11e7-b35a-00ff6227aaa1', 'b0c7cd02-96dd-11e7-863e-00ff6227aaa1');
INSERT INTO `base_role_module` VALUES ('f0303060-96dd-11e7-863e-00ff6227aaa1', 'ea75bdec-8404-11e7-b35a-00ff6227aaa1', 'c54a02b8-96dd-11e7-863e-00ff6227aaa1');
INSERT INTO `base_role_module` VALUES ('f030b2db-96dd-11e7-863e-00ff6227aaa1', 'ea75bdec-8404-11e7-b35a-00ff6227aaa1', 'd3fccbfb-96dd-11e7-863e-00ff6227aaa1');
INSERT INTO `base_role_module` VALUES ('f0313839-96dd-11e7-863e-00ff6227aaa1', 'ea75bdec-8404-11e7-b35a-00ff6227aaa1', 'e29bd47a-96dd-11e7-863e-00ff6227aaa1');
INSERT INTO `base_role_module` VALUES ('f031cf7f-96dd-11e7-863e-00ff6227aaa1', 'ea75bdec-8404-11e7-b35a-00ff6227aaa1', 'b25a02e3-92c7-11e7-8c99-00ff6227aaa1');
INSERT INTO `base_role_module` VALUES ('f032541b-96dd-11e7-863e-00ff6227aaa1', 'ea75bdec-8404-11e7-b35a-00ff6227aaa1', '2675469b-96a4-11e7-863e-00ff6227aaa1');
INSERT INTO `base_role_module` VALUES ('f032e8cc-96dd-11e7-863e-00ff6227aaa1', 'ea75bdec-8404-11e7-b35a-00ff6227aaa1', '3c6bf3e2-969c-11e7-863e-00ff6227aaa1');
INSERT INTO `base_role_module` VALUES ('f0336590-96dd-11e7-863e-00ff6227aaa1', 'ea75bdec-8404-11e7-b35a-00ff6227aaa1', '42179355-96a4-11e7-863e-00ff6227aaa1');
INSERT INTO `base_role_module` VALUES ('f033dd3f-96dd-11e7-863e-00ff6227aaa1', 'ea75bdec-8404-11e7-b35a-00ff6227aaa1', '5039b225-96a4-11e7-863e-00ff6227aaa1');
INSERT INTO `base_role_module` VALUES ('f03453f7-96dd-11e7-863e-00ff6227aaa1', 'ea75bdec-8404-11e7-b35a-00ff6227aaa1', '5c82bed5-96a4-11e7-863e-00ff6227aaa1');
INSERT INTO `base_role_module` VALUES ('f034d097-96dd-11e7-863e-00ff6227aaa1', 'ea75bdec-8404-11e7-b35a-00ff6227aaa1', 'fe4a6d1f-96a4-11e7-863e-00ff6227aaa1');
INSERT INTO `base_role_module` VALUES ('f03546c3-96dd-11e7-863e-00ff6227aaa1', 'ea75bdec-8404-11e7-b35a-00ff6227aaa1', 'e69131c2-870d-11e7-ad1e-00ff6227aaa1');
INSERT INTO `base_role_module` VALUES ('f035c5a8-96dd-11e7-863e-00ff6227aaa1', 'ea75bdec-8404-11e7-b35a-00ff6227aaa1', '142ce669-96a2-11e7-863e-00ff6227aaa1');
INSERT INTO `base_role_module` VALUES ('f0364945-96dd-11e7-863e-00ff6227aaa1', 'ea75bdec-8404-11e7-b35a-00ff6227aaa1', '55c48c41-96a2-11e7-863e-00ff6227aaa1');
INSERT INTO `base_role_module` VALUES ('f04a7aa5-96dd-11e7-863e-00ff6227aaa1', 'ea75bdec-8404-11e7-b35a-00ff6227aaa1', '56b67433-96dc-11e7-863e-00ff6227aaa1');
INSERT INTO `base_role_module` VALUES ('f04b08a8-96dd-11e7-863e-00ff6227aaa1', 'ea75bdec-8404-11e7-b35a-00ff6227aaa1', '7362412e-96a2-11e7-863e-00ff6227aaa1');
INSERT INTO `base_role_module` VALUES ('f04ba0c7-96dd-11e7-863e-00ff6227aaa1', 'ea75bdec-8404-11e7-b35a-00ff6227aaa1', '822f714c-96a2-11e7-863e-00ff6227aaa1');
INSERT INTO `base_role_module` VALUES ('f04c375e-96dd-11e7-863e-00ff6227aaa1', 'ea75bdec-8404-11e7-b35a-00ff6227aaa1', '8338ce98-969c-11e7-863e-00ff6227aaa1');
INSERT INTO `base_role_module` VALUES ('f04cc577-96dd-11e7-863e-00ff6227aaa1', 'ea75bdec-8404-11e7-b35a-00ff6227aaa1', 'eff8eda4-937d-11e7-8c99-00ff6227aaa1');
INSERT INTO `base_role_module` VALUES ('f04cc578-96dd-11e7-863e-00ff6227aaa1', 'ea75bdec-8404-11e7-b35a-00ff6227aaa1', '366b227a-2c30-11e8-bb2a-2cfda1b1e42a');
INSERT INTO `base_role_module` VALUES ('f14cc578-96dd-11e7-863e-00ff6227aaa1', 'ea75bdec-8404-11e7-b35a-00ff6227aaa1', '7e669afe-96dc-11e7-863e-00ff6227aaa1');

-- ----------------------------
-- Table structure for base_system
-- ----------------------------
DROP TABLE IF EXISTS `base_system`;
CREATE TABLE `base_system` (
  `ID` varchar(36) NOT NULL,
  `SYSTEM_NAME` varchar(64) DEFAULT NULL,
  `PROJECT_NAME` varchar(64) DEFAULT NULL,
  `ACTIVE` int(11) DEFAULT NULL COMMENT '0 禁用、1 启用',
  `SORT` int(11) DEFAULT NULL,
  `CREATE_DATE` datetime DEFAULT NULL,
  `UPDATE_DATE` datetime DEFAULT NULL,
  PRIMARY KEY (`ID`)
) ENGINE=InnoDB DEFAULT CHARSET=utf8;

-- ----------------------------
-- Records of base_system
-- ----------------------------
INSERT INTO `base_system` VALUES ('d69060a3-914b-11e7-8c99-00ff6227aaa1', '权限管理系统', 'main-data', '1', '1', '2017-09-04 16:37:54', '2018-05-13 17:27:23');

-- ----------------------------
-- Table structure for base_user
-- ----------------------------
DROP TABLE IF EXISTS `base_user`;
CREATE TABLE `base_user` (
  `ID` varchar(36) NOT NULL,
  `USER_NAME` varchar(100) DEFAULT NULL,
  `PASSWORD` varchar(255) DEFAULT NULL,
  `PHONE` varchar(11) DEFAULT NULL,
  `GENDER` varchar(6) DEFAULT NULL COMMENT 'male 男、female 女',
  `AGE` int(11) DEFAULT NULL,
  `ACTIVE` int(11) DEFAULT NULL COMMENT '0 禁用、1 启用',
  `CREATE_DATE` datetime DEFAULT NULL,
  `UPDATE_DATE` datetime DEFAULT NULL,
  PRIMARY KEY (`ID`),
  KEY `AK_Key_2` (`USER_NAME`)
) ENGINE=InnoDB DEFAULT CHARSET=utf8;

-- ----------------------------
-- Records of base_user
-- ----------------------------
INSERT INTO `base_user` VALUES ('0cb71fdd99d743ae9c8db85039609687', 'test', '$2a$06$SBrOxaGm8nzNCEggHXh2yumyPr1ZC2vqcC.yawhwhQrfoFdXemXCi', '13100000000', 'male', '0', '1', '2018-05-23 09:00:55', null);

-- ----------------------------
-- Table structure for base_user_role
-- ----------------------------
DROP TABLE IF EXISTS `base_user_role`;
CREATE TABLE `base_user_role` (
  `ID` varchar(36) NOT NULL,
  `USER_ID` varchar(36) DEFAULT NULL,
  `ROLE_ID` varchar(36) DEFAULT NULL,
  PRIMARY KEY (`ID`),
  KEY `FK_Reference_2` (`ROLE_ID`),
  CONSTRAINT `FK_Reference_2` FOREIGN KEY (`ROLE_ID`) REFERENCES `base_role` (`ID`) ON DELETE CASCADE
) ENGINE=InnoDB DEFAULT CHARSET=utf8;

-- ----------------------------
-- Records of base_user_role
-- ----------------------------
INSERT INTO `base_user_role` VALUES ('9c263bcb22d84f1aa0193e809c2ef4dd', '0cb71fdd99d743ae9c8db85039609687', 'd352297eb11c418e94a5f8f2c1c229db');

-- ----------------------------
-- Table structure for oauth_access_token
-- ----------------------------
DROP TABLE IF EXISTS `oauth_access_token`;
CREATE TABLE `oauth_access_token` (
  `token_id` varchar(255) DEFAULT NULL,
  `token` longblob,
  `authentication_id` varchar(255) NOT NULL,
  `user_name` varchar(255) DEFAULT NULL,
  `client_id` varchar(255) DEFAULT NULL,
  `authentication` longblob,
  `refresh_token` varchar(255) DEFAULT NULL,
  PRIMARY KEY (`authentication_id`)
) ENGINE=InnoDB DEFAULT CHARSET=utf8;

-- ----------------------------
-- Records of oauth_access_token
-- ----------------------------
INSERT INTO `oauth_access_token` VALUES ('863460af3ac79f92c4642dda66305ff8', 0xACED0005737200436F72672E737072696E676672616D65776F726B2E73656375726974792E6F61757468322E636F6D6D6F6E2E44656661756C744F4175746832416363657373546F6B656E0CB29E361B24FACE0200064C00156164646974696F6E616C496E666F726D6174696F6E74000F4C6A6176612F7574696C2F4D61703B4C000A65787069726174696F6E7400104C6A6176612F7574696C2F446174653B4C000C72656672657368546F6B656E74003F4C6F72672F737072696E676672616D65776F726B2F73656375726974792F6F61757468322F636F6D6D6F6E2F4F417574683252656672657368546F6B656E3B4C000573636F706574000F4C6A6176612F7574696C2F5365743B4C0009746F6B656E547970657400124C6A6176612F6C616E672F537472696E673B4C000576616C756571007E00057870737200176A6176612E7574696C2E4C696E6B6564486173684D617034C04E5C106CC0FB0200015A000B6163636573734F72646572787200116A6176612E7574696C2E486173684D61700507DAC1C31660D103000246000A6C6F6164466163746F724900097468726573686F6C6478703F4000000000000377080000000400000002740009757365725F696E666F7372002D636F6D2E726963656C696E6B2E636C6F75642E6D61696E2E6D61707065722E6D6F64656C2E4261736555736572560B3335ED6DCD790200094C00066163746976657400134C6A6176612F6C616E672F496E74656765723B4C000361676571007E000C4C000A6372656174654461746571007E00024C000667656E64657271007E00054C0002696471007E00054C000870617373776F726471007E00054C000570686F6E6571007E00054C000A7570646174654461746571007E00024C0008757365724E616D6571007E00057870737200116A6176612E6C616E672E496E746567657212E2A0A4F781873802000149000576616C7565787200106A6176612E6C616E672E4E756D62657286AC951D0B94E08B0200007870000000017371007E000E000000167372000E6A6176612E7574696C2E44617465686A81014B597419030000787077080000015E70774FC8787400013174002432333831383134312D383362342D313165372D623335612D3030666636323237616161317074000B31333030303030303030307074000873797361646D696E7400036A746974002432656238316439362D346434652D346261642D623661322D37653662346566646630613278007371007E00127708000001624963AC8C787372004C6F72672E737072696E676672616D65776F726B2E73656375726974792E6F61757468322E636F6D6D6F6E2E44656661756C744578706972696E674F417574683252656672657368546F6B656E2FDF47639DD0C9B70200014C000A65787069726174696F6E71007E0002787200446F72672E737072696E676672616D65776F726B2E73656375726974792E6F61757468322E636F6D6D6F6E2E44656661756C744F417574683252656672657368546F6B656E73E10E0A6354D45E0200014C000576616C756571007E0005787074038665794A68624763694F694A53557A49314E694973496E523563434936496B705856434A392E65794A316332567958326C755A6D38694F6E7369615751694F6949794D7A67784F4445304D5330344D3249304C5445785A546374596A4D31595330774D475A6D4E6A49794E324668595445694C434A3163325679546D46745A534936496E4E356332466B62576C75496977696347467A63336476636D51694F6D353162477773496E426F6232356C496A6F694D544D774D4441774D4441774D4441694C434A6E5A57356B5A5849694F694978496977695957646C496A6F794D69776959574E3061585A6C496A6F784C434A6A636D5668644756455958526C496A6F784E5441314D5449314E4449784D4441774C434A3163475268644756455958526C496A7075645778736653776964584E6C636C39755957316C496A6F6963336C7A59575274615734694C434A7A593239775A53493657794A3163325679496C3073496D463061534936496A4A6C596A67785A446B324C54526B4E4755744E474A685A4331694E6D45794C54646C4E6D49305A575A6B5A6A42684D694973496D5634634349364D5455794E4445354F4451354D5377695958563061473979615852705A584D694F6C736963336C7A595752746157346958537769616E5270496A6F69597A4A6A5A474E68596D59744D7A52684F4330305A545A684C546C6A5A4455744E44426A5A545A684F54517A5A6A5A6849697769593278705A57353058326C6B496A6F696447567A6444496966512E4E42376161396B6A3645776D68565274575256477179684443687771534B5F6A53504C4B4379356174524C595065494E542D475353434D72554132596B3054676C4B455F7975792D3557506656775F4F7163353234336B513145456E4135463938314148464362304F773172306E76534638716F6B304337722D6E4955704B5478666A4D41393954626D38545973764257454F693470684C47335068553730636357357A5A456F5378496A397277686F7258644A34414F4E6A724C64747A59623337464977794A4657656A456648546459354D716C4B6B554B58494348526F47456B43576E77386F62566A4D6C596D33584C30725476656D3039585434314B582D622D49674930434E5043616C476A6C573955743357433357777966647238676A42684E623149737066314B464E75665345516E4E786166624D4A714B38423465454331663430496B526D4A785037715143597164777371007E0012770800000162E14F468B78737200256A6176612E7574696C2E436F6C6C656374696F6E7324556E6D6F6469666961626C65536574801D92D18F9B80550200007872002C6A6176612E7574696C2E436F6C6C656374696F6E7324556E6D6F6469666961626C65436F6C6C656374696F6E19420080CB5EF71E0200014C0001637400164C6A6176612F7574696C2F436F6C6C656374696F6E3B7870737200176A6176612E7574696C2E4C696E6B656448617368536574D86CD75A95DD2A1E020000787200116A6176612E7574696C2E48617368536574BA44859596B8B7340300007870770C000000103F40000000000001740004757365727874000662656172657274034A65794A68624763694F694A53557A49314E694973496E523563434936496B705856434A392E65794A316332567958326C755A6D38694F6E7369615751694F6949794D7A67784F4445304D5330344D3249304C5445785A546374596A4D31595330774D475A6D4E6A49794E324668595445694C434A3163325679546D46745A534936496E4E356332466B62576C75496977696347467A63336476636D51694F6D353162477773496E426F6232356C496A6F694D544D774D4441774D4441774D4441694C434A6E5A57356B5A5849694F694978496977695957646C496A6F794D69776959574E3061585A6C496A6F784C434A6A636D5668644756455958526C496A6F784E5441314D5449314E4449784D4441774C434A3163475268644756455958526C496A7075645778736653776964584E6C636C39755957316C496A6F6963336C7A59575274615734694C434A7A593239775A53493657794A3163325679496C3073496D5634634349364D5455794D5459304F5459354D5377695958563061473979615852705A584D694F6C736963336C7A595752746157346958537769616E5270496A6F694D6D56694F44466B4F5459744E4751305A533030596D466B4C574932595449744E325532596A526C5A6D526D4D47457949697769593278705A57353058326C6B496A6F696447567A6444496966512E6D635F676F624E4853594762425352474335513852613042666B4A4D6D6C32535734726A33313552424D7738507253525F73694F45505F7069504C796F3878325750796D79307A375042734C6C694D42706A476C52747068374831336F47594E724451546D6B343745373967587164616D6B5A706F3671613565376A6D56566E6F4475324130616A5072794A68483749475F4143423235616343505865344770725134506B4C454D59466D7A37546B61565756432D336B616D6174304A30416671614E456A39345A5F7A654E6649635A30386D472D6B4D56475848345F735642754169356C45524473756D4C597931554B54466168457A64634F504D674F394D46596E424276313275766546304359464177747343314658355535513557422D67686655787742364B664A566D76786544757663693641684C3662427869546B2D6B7932434F2D5254652D377A66517034654C524277, '364f82567990caae0eb92cb7086540f0', 'sysadmin', 'test2', 0xACED0005737200416F72672E737072696E676672616D65776F726B2E73656375726974792E6F61757468322E70726F76696465722E4F417574683241757468656E7469636174696F6EBD400B02166252130200024C000D73746F7265645265717565737474003C4C6F72672F737072696E676672616D65776F726B2F73656375726974792F6F61757468322F70726F76696465722F4F4175746832526571756573743B4C00127573657241757468656E7469636174696F6E7400324C6F72672F737072696E676672616D65776F726B2F73656375726974792F636F72652F41757468656E7469636174696F6E3B787200476F72672E737072696E676672616D65776F726B2E73656375726974792E61757468656E7469636174696F6E2E416273747261637441757468656E7469636174696F6E546F6B656ED3AA287E6E47640E0200035A000D61757468656E746963617465644C000B617574686F7269746965737400164C6A6176612F7574696C2F436F6C6C656374696F6E3B4C000764657461696C737400124C6A6176612F6C616E672F4F626A6563743B787000737200266A6176612E7574696C2E436F6C6C656374696F6E7324556E6D6F6469666961626C654C697374FC0F2531B5EC8E100200014C00046C6973747400104C6A6176612F7574696C2F4C6973743B7872002C6A6176612E7574696C2E436F6C6C656374696F6E7324556E6D6F6469666961626C65436F6C6C656374696F6E19420080CB5EF71E0200014C00016371007E00047870737200136A6176612E7574696C2E41727261794C6973747881D21D99C7619D03000149000473697A6578700000000177040000000173720036636F6D2E726963656C696E6B2E636C6F75642E617574682E706F6A6F2E617574682E426173654772616E746564417574686F726974799A5527223CD4167A0200024C0004726F6C6574002F4C636F6D2F726963656C696E6B2F636C6F75642F6D61696E2F6D61707065722F6D6F64656C2F42617365526F6C653B4C00047573657274002F4C636F6D2F726963656C696E6B2F636C6F75642F6D61696E2F6D61707065722F6D6F64656C2F42617365557365723B78707372002D636F6D2E726963656C696E6B2E636C6F75642E6D61696E2E6D61707065722E6D6F64656C2E42617365526F6C650BD97995AB25F5F80200064C000A637265617465446174657400104C6A6176612F7574696C2F446174653B4C000269647400124C6A6176612F6C616E672F537472696E673B4C00076D6F64756C657371007E00084C0008726F6C65436F646571007E00134C0008726F6C654E616D6571007E00134C000A7570646174654461746571007E001278707372000E6A6176612E7574696C2E44617465686A81014B597419030000787077080000015DF0EC3C007874002465613735626465632D383430342D313165372D623335612D3030666636323237616161317371007E000B0000000177040000000173720038636F6D2E726963656C696E6B2E636C6F75642E6D61696E2E6D61707065722E6D6F64656C2E426173654D6F64756C655265736F7572636573AF75DDF85F16D0C402000E4C00066163746976657400134C6A6176612F6C616E672F496E74656765723B4C000A6372656174654461746571007E00124C000A687474704D6574686F6471007E00134C0002696471007E00134C000B69734F7065726174696E6771007E001A4C000A6D6F64756C65436F646571007E00134C000A6D6F64756C6549636F6E71007E00134C000A6D6F64756C654E616D6571007E00134C000A6D6F64756C655061746871007E00134C0008706172656E74496471007E00134C0004736F727471007E001A4C000A7375624D6F64756C657371007E00084C000873797374656D496471007E00134C000A7570646174654461746571007E00127870737200116A6176612E6C616E672E496E746567657212E2A0A4F781873802000149000576616C7565787200106A6176612E6C616E672E4E756D62657286AC951D0B94E08B0200007870000000017371007E001577080000015DF0EC3C00787074002431313365396339342D383430352D313165372D623335612D3030666636323237616161317371007E001C0000000074000F53545354454D5F53455454494E475374000F656C2D69636F6E2D73657474696E6774000CE7B3BBE7BB9FE8AEBEE7BDAE7400072F73797374656D7071007E001E7371007E000B000000057704000000057371007E001971007E001E7371007E001577080000015E6C84DC00787074002432633832666230362D383430352D313165372D623335612D30306666363232376161613171007E002174000C555345525F4D414E4147454474000C656C2D69636F6E2D6D656E7574000CE794A8E688B7E7AEA1E790867400052F7573657274002431313365396339342D383430352D313165372D623335612D30306666363232376161613171007E001E7371007E000B000000087704000000087371007E001971007E001E7371007E001577080000015E6C84DC007874000347455474002435623563306665322D393661362D313165372D383633652D30306666363232376161613171007E001E74000D4745545F555345525F524F4C4570740018E88EB7E58F96E5B7B2E68E88E69D83E79A84E8A792E889B27400132F757365722F726F6C652F7B7573657249647D74002432633832666230362D383430352D313165372D623335612D303066663632323761616131707371007E000B000000007704000000007874002464363930363061332D393134622D313165372D386339392D303066663632323761616131707371007E001971007E001E7371007E001577080000015E6C84DC0078740004504F535474002437626635613961612D393661362D313165372D383633652D30306666363232376161613171007E001E74000E534156455F555345525F524F4C4570740018E4BF9DE5AD98E794A8E688B7E8A792E889B2E68E88E69D8374000A2F757365722F726F6C6574002432633832666230362D383430352D313165372D623335612D303066663632323761616131707371007E000B000000007704000000007874002464363930363061332D393134622D313165372D386339392D303066663632323761616131707371007E001971007E001E7371007E001577080000015E57EB6C0078740004504F535474002437653937623362332D393661352D313165372D383633652D30306666363232376161613171007E001E74001051554552595F555345525F5441424C4570740012E69FA5E8AFA2E794A8E688B7E8A1A8E6A0BC74000B2F757365722F7461626C6574002432633832666230362D383430352D313165372D623335612D30306666363232376161613171007E00217371007E000B000000007704000000007874002464363930363061332D393134622D313165372D386339392D303066663632323761616131707371007E001971007E001E7371007E001577080000015E6C84DC007874000347455474002438653636396166652D393664632D313165372D383633652D30306666363232376161613171007E001E74001256414C49444154455F555345525F4E414D457074000FE6A0A1E9AA8CE794A8E688B7E5908D7400192F757365722F76616C69646174652F7B757365724E616D657D74002432633832666230362D383430352D313165372D623335612D303066663632323761616131707371007E000B000000007704000000007874002464363930363061332D393134622D313165372D386339392D303066663632323761616131707371007E001971007E001E7371007E001577080000015E57EB6C0078740004504F535474002439643734643765622D393661352D313165372D383633652D30306666363232376161613171007E001E7400084144445F555345527074000CE696B0E5A29EE794A8E688B77400052F7573657274002432633832666230362D383430352D313165372D623335612D30306666363232376161613171007E00217371007E000B000000007704000000007874002464363930363061332D393134622D313165372D386339392D303066663632323761616131707371007E001971007E001E7371007E001577080000015E57EB6C007874000350555474002461646331653264632D393661352D313165372D383633652D30306666363232376161613171007E001E740009454449545F555345527074000CE7BC96E8BE91E794A8E688B77400052F7573657274002432633832666230362D383430352D313165372D623335612D30306666363232376161613171007E00217371007E000B000000007704000000007874002464363930363061332D393134622D313165372D386339392D303066663632323761616131707371007E001971007E001E7371007E001577080000015E57EB6C007874000350555474002463336535666337362D393661352D313165372D383633652D30306666363232376161613171007E001E74000B44454C4554455F555345527074000CE588A0E999A4E794A8E688B77400052F7573657274002432633832666230362D383430352D313165372D623335612D30306666363232376161613171007E00217371007E000B000000007704000000007874002464363930363061332D393134622D313165372D386339392D303066663632323761616131707371007E001971007E001E7371007E001577080000015E57EB6C0078740004504F535474002465316666346431642D393661352D313165372D383633652D30306666363232376161613171007E001E74000E52455345545F50415353574F52447074000CE9878DE7BDAEE5AF86E7A08174001C2F757365722F70617373776F72642F7B6E657750617373776F72647D74002432633832666230362D383430352D313165372D623335612D30306666363232376161613171007E00217371007E000B000000007704000000007874002464363930363061332D393134622D313165372D386339392D303066663632323761616131707874002464363930363061332D393134622D313165372D386339392D3030666636323237616161317371007E001577080000015E0AAC0800787371007E001971007E001E7371007E001577080000015E6C84DC00787074002433326430616561622D383430352D313165372D623335612D30306666363232376161613171007E002174000C524F4C455F4D414E414745447074000CE8A792E889B2E7AEA1E790867400052F726F6C6574002431313365396339342D383430352D313165372D623335612D3030666636323237616161317371007E001C000000027371007E000B000000077704000000077371007E001971007E001E7371007E001577080000015E57EB6C007874000347455474002432363330353834342D393661352D313165372D383633652D30306666363232376161613171007E001E7400144745545F524F4C455F415554485F4D4F44554C4570740018E88EB7E58F96E5B7B2E68E88E69D83E79A84E6A8A1E59D977400132F726F6C652F617574682F7B726F6C6549647D74002433326430616561622D383430352D313165372D623335612D30306666363232376161613171007E00217371007E000B000000007704000000007874002464363930363061332D393134622D313165372D386339392D303066663632323761616131707371007E001971007E001E7371007E001577080000015E6C84DC007874000347455474002433316536633462382D393661362D313165372D383633652D30306666363232376161613171007E001E7400094745545F524F4C455370740012E88EB7E58F96E68980E69C89E8A792E889B27400052F726F6C6574002433326430616561622D383430352D313165372D623335612D303066663632323761616131707371007E000B000000007704000000007874002464363930363061332D393134622D313165372D386339392D303066663632323761616131707371007E001971007E001E7371007E001577080000015E57EB6C0078740004504F535474002434623766333164632D393661352D313165372D383633652D30306666363232376161613171007E001E740015534156455F524F4C455F415554485F4D4F44554C4570740012E4BF9DE5AD98E68E88E69D83E6A8A1E59D9774000C2F6D6F64756C652F726F6C6574002433326430616561622D383430352D313165372D623335612D30306666363232376161613171007E00217371007E000B000000007704000000007874002464363930363061332D393134622D313165372D386339392D303066663632323761616131707371007E001971007E001E7371007E001577080000015E57EB6C0078740004504F535474002438663834613131312D393661342D313165372D383633652D30306666363232376161613171007E001E74001051554552595F524F4C455F5441424C4570740012E69FA5E8AFA2E8A792E889B2E8A1A8E6A0BC74000B2F726F6C652F7461626C6574002433326430616561622D383430352D313165372D623335612D30306666363232376161613171007E00217371007E000B000000007704000000007874002464363930363061332D393134622D313165372D386339392D303066663632323761616131707371007E001971007E001E7371007E001577080000015E57EB6C0078740004504F535474002439666539333362632D393661342D313165372D383633652D30306666363232376161613171007E001E7400084144445F524F4C457074000CE696B0E5A29EE8A792E889B27400052F726F6C6574002433326430616561622D383430352D313165372D623335612D30306666363232376161613171007E00217371007E000B000000007704000000007874002464363930363061332D393134622D313165372D386339392D303066663632323761616131707371007E001971007E001E7371007E001577080000015E57EB6C007874000350555474002461643034656332632D393661342D313165372D383633652D30306666363232376161613171007E001E740009454449545F524F4C457074000CE7BC96E8BE91E8A792E889B27400052F726F6C6574002433326430616561622D383430352D313165372D623335612D30306666363232376161613171007E00217371007E000B000000007704000000007874002464363930363061332D393134622D313165372D386339392D303066663632323761616131707371007E001971007E001E7371007E001577080000015E57EB6C007874000644454C45544574002462613138353839332D393661342D313165372D383633652D30306666363232376161613171007E001E74000B44454C4554455F524F4C457074000CE588A0E999A4E8A792E889B27400052F726F6C6574002433326430616561622D383430352D313165372D623335612D30306666363232376161613171007E00217371007E000B000000007704000000007874002464363930363061332D393134622D313165372D386339392D303066663632323761616131707874002464363930363061332D393134622D313165372D386339392D303066663632323761616131707371007E001971007E001E7371007E001577080000015E6C84DC007874000347455474002439343364316666612D393664642D313165372D383633652D30306666363232376161613171007E002174000B4150505F4D414E414745447074000CE5BA94E794A8E7AEA1E790867400042F61707074002431313365396339342D383430352D313165372D623335612D30306666363232376161613171007E00217371007E000B000000047704000000047371007E001971007E001E7371007E001577080000015E6C84DC0078740004504F535474002462306337636430322D393664642D313165372D383633652D30306666363232376161613171007E001E74000F51554552595F4150505F5441424C4570740012E69FA5E8AFA2E5BA94E794A8E8A1A8E6A0BC74000D2F636C69656E742F7461626C6574002439343364316666612D393664642D313165372D383633652D30306666363232376161613171007E00217371007E000B000000007704000000007874002464363930363061332D393134622D313165372D386339392D303066663632323761616131707371007E001971007E001E7371007E001577080000015E6C84DC0078740004504F535474002463353461303262382D393664642D313165372D383633652D30306666363232376161613171007E001E7400074144445F4150507074000CE696B0E5A29EE5BA94E794A87400072F636C69656E7474002439343364316666612D393664642D313165372D383633652D30306666363232376161613171007E00217371007E000B000000007704000000007874002464363930363061332D393134622D313165372D386339392D303066663632323761616131707371007E001971007E001E7371007E001577080000015E6C84DC007874000350555474002464336663636266622D393664642D313165372D383633652D30306666363232376161613171007E001E740008454449545F4150507074000CE7BC96E8BE91E5BA94E794A87400072F636C69656E7474002439343364316666612D393664642D313165372D383633652D30306666363232376161613171007E00217371007E000B000000007704000000007874002464363930363061332D393134622D313165372D386339392D303066663632323761616131707371007E001971007E001E7371007E001577080000015E6C84DC007874000644454C45544574002465323962643437612D393664642D313165372D383633652D30306666363232376161613171007E001E74000A44454C4554455F4150507074000CE588A0E999A4E5BA94E794A87400072F636C69656E7474002439343364316666612D393664642D313165372D383633652D30306666363232376161613171007E00217371007E000B000000007704000000007874002464363930363061332D393134622D313165372D386339392D303066663632323761616131707874002464363930363061332D393134622D313165372D386339392D303066663632323761616131707371007E001971007E001E7371007E001577080000015E0585AC00787074002462323561303265332D393263372D313165372D386339392D30306666363232376161613171007E002174000E53595354454D5F4D414E414745447074000CE7B3BBE7BB9FE7AEA1E790867400072F73797374656D74002431313365396339342D383430352D313165372D623335612D3030666636323237616161317371007E001C000000037371007E000B000000067704000000067371007E001971007E001E7371007E001577080000015E57EB6C0078740004504F535474002432363735343639622D393661342D313165372D383633652D30306666363232376161613171007E001E74001251554552595F53595354454D5F5441424C4570740012E69FA5E8AFA2E7B3BBE7BB9FE8A1A8E6A0BC74000D2F73797374656D2F7461626C6574002462323561303265332D393263372D313165372D386339392D30306666363232376161613171007E00217371007E000B000000007704000000007874002464363930363061332D393134622D313165372D386339392D303066663632323761616131707371007E001971007E001E7371007E001577080000015E6C84DC007874000347455474002433633662663365322D393639632D313165372D383633652D30306666363232376161613171007E001E74000C51554552595F53595354454D7074000CE69FA5E8AFA2E7B3BBE7BB9F7400072F73797374656D74002462323561303265332D393263372D313165372D386339392D303066663632323761616131707371007E000B000000007704000000007874002464363930363061332D393134622D313165372D386339392D303066663632323761616131707371007E001971007E001E7371007E001577080000015E57EB6C0078740004504F535474002434323137393335352D393661342D313165372D383633652D30306666363232376161613171007E001E74000A4144445F53595354454D7074000CE696B0E5A29EE7B3BBE7BB9F7400072F73797374656D74002462323561303265332D393263372D313165372D386339392D30306666363232376161613171007E00217371007E000B000000007704000000007874002464363930363061332D393134622D313165372D386339392D303066663632323761616131707371007E001971007E001E7371007E001577080000015E57EB6C007874000350555474002435303339623232352D393661342D313165372D383633652D30306666363232376161613171007E001E74000B454449545F53595354454D7074000CE7BC96E8BE91E7B3BBE7BB9F7400072F73797374656D74002462323561303265332D393263372D313165372D386339392D30306666363232376161613171007E00217371007E000B000000007704000000007874002464363930363061332D393134622D313165372D386339392D303066663632323761616131707371007E001971007E001E7371007E001577080000015E57EB6C007874000644454C45544574002435633832626564352D393661342D313165372D383633652D30306666363232376161613171007E001E74000D44454C4554455F53595354454D7074000CE588A0E999A4E7B3BBE7BB9F7400072F73797374656D74002462323561303265332D393263372D313165372D386339392D30306666363232376161613171007E00217371007E000B000000007704000000007874002464363930363061332D393134622D313165372D386339392D303066663632323761616131707371007E001971007E001E7371007E001577080000015E6C84DC007874000347455474002466653461366431662D393661342D313165372D383633652D30306666363232376161613171007E001E7400114745545F53595354454D5F4D4F44554C4570740015E88EB7E58F96E7B3BBE7BB9FE4B88EE6A8A1E59D9774000E2F73797374656D2F6D6F64756C6574002462323561303265332D393263372D313165372D386339392D303066663632323761616131707371007E000B000000007704000000007874002464363930363061332D393134622D313165372D386339392D303066663632323761616131707874002464363930363061332D393134622D313165372D386339392D303066663632323761616131707371007E001971007E001E7371007E001577080000015E0585AC00787074002465363931333163322D383730642D313165372D616431652D30306666363232376161613171007E002174000E4D4F44554C455F4D414E414745447074000CE6A8A1E59D97E7AEA1E790867400072F6D6F64756C6574002431313365396339342D383430352D313165372D623335612D30306666363232376161613171007E010B7371007E000B000000077704000000077371007E001971007E001E7371007E001577080000015E6C84DC0078740004504F535474002431343263653636392D393661322D313165372D383633652D30306666363232376161613171007E001E74001251554552595F4D4F44554C455F5441424C4570740012E69FA5E8AFA2E6A8A1E59D97E8A1A8E6A0BC74000D2F6D6F64756C652F7461626C6574002465363931333163322D383730642D313165372D616431652D303066663632323761616131707371007E000B000000007704000000007874002464363930363061332D393134622D313165372D386339392D303066663632323761616131707371007E001971007E001E7371007E001577080000015E6C84DC0078740004504F535474002435356334386334312D393661322D313165372D383633652D30306666363232376161613171007E001E74000A4144445F4D4F44554C457074000CE696B0E5A29EE6A8A1E59D977400072F6D6F64756C6574002465363931333163322D383730642D313165372D616431652D303066663632323761616131707371007E000B000000007704000000007874002464363930363061332D393134622D313165372D386339392D303066663632323761616131707371007E001971007E001E7371007E001577080000015E6C84DC007874000347455474002435366236373433332D393664632D313165372D383633652D30306666363232376161613171007E001E74001456414C49444154455F4D4F44554C455F434F44457074000CE6A0A1E9AA8CE6A8A1E59D9774001D2F6D6F64756C652F76616C69646174652F7B6D6F64756C65436F64657D74002465363931333163322D383730642D313165372D616431652D303066663632323761616131707371007E000B000000007704000000007874002464363930363061332D393134622D313165372D386339392D303066663632323761616131707371007E001971007E001E7371007E001577080000015E6C84DC007874000350555474002437333632343132652D393661322D313165372D383633652D30306666363232376161613171007E001E74000B454449545F4D4F44554C457074000CE7BC96E8BE91E6A8A1E59D977400072F6D6F64756C6574002465363931333163322D383730642D313165372D616431652D303066663632323761616131707371007E000B000000007704000000007874002464363930363061332D393134622D313165372D386339392D303066663632323761616131707371007E001971007E001E7371007E001577080000015E6C84DC007874000644454C45544574002438323266373134632D393661322D313165372D383633652D30306666363232376161613171007E001E74000D44454C4554455F4D4F44554C457074000CE588A0E999A4E6A8A1E59D977400072F6D6F64756C6574002465363931333163322D383730642D313165372D616431652D303066663632323761616131707371007E000B000000007704000000007874002464363930363061332D393134622D313165372D386339392D303066663632323761616131707371007E001971007E001E7371007E001577080000015E6C84DC0078740004504F535474002438333338636539382D393639632D313165372D383633652D30306666363232376161613171007E001E74000F4745545F4D4F44554C455F545245457074000FE88EB7E58F96E6A8A1E59D97E6A09174000C2F6D6F64756C652F7472656574002465363931333163322D383730642D313165372D616431652D303066663632323761616131707371007E000B000000007704000000007874002464363930363061332D393134622D313165372D386339392D303066663632323761616131707371007E001971007E001E7371007E001577080000015E57EB6C007874000347455474002465666638656461342D393337642D313165372D386339392D30306666363232376161613171007E001E74000A51554552595F4D454E557074000CE69FA5E8AFA2E88F9CE58D9574000F2F7265736F75726365732F6D656E7574002465363931333163322D383730642D313165372D616431652D30306666363232376161613171007E00217371007E000B000000007704000000007874002464363930363061332D393134622D313165372D386339392D303066663632323761616131707874002464363930363061332D393134622D313165372D386339392D303066663632323761616131707874002464363930363061332D393134622D313165372D386339392D3030666636323237616161317371007E001577080000015E0AAC0800787874000873797361646D696E74000FE7B3BBE7BB9FE7AEA1E79086E59198707372002D636F6D2E726963656C696E6B2E636C6F75642E6D61696E2E6D61707065722E6D6F64656C2E4261736555736572560B3335ED6DCD790200094C000661637469766571007E001A4C000361676571007E001A4C000A6372656174654461746571007E00124C000667656E64657271007E00134C0002696471007E00134C000870617373776F726471007E00134C000570686F6E6571007E00134C000A7570646174654461746571007E00124C0008757365724E616D6571007E0013787071007E001E7371007E001C000000167371007E001577080000015E70774FC8787400013174002432333831383134312D383362342D313165372D623335612D3030666636323237616161317074000B31333030303030303030307074000873797361646D696E7871007E000C707372003A6F72672E737072696E676672616D65776F726B2E73656375726974792E6F61757468322E70726F76696465722E4F41757468325265717565737400000000000000010200075A0008617070726F7665644C000B617574686F72697469657371007E00044C000A657874656E73696F6E7374000F4C6A6176612F7574696C2F4D61703B4C000B726564697265637455726971007E00134C00077265667265736874003B4C6F72672F737072696E676672616D65776F726B2F73656375726974792F6F61757468322F70726F76696465722F546F6B656E526571756573743B4C000B7265736F7572636549647374000F4C6A6176612F7574696C2F5365743B4C000D726573706F6E7365547970657371007E01A8787200386F72672E737072696E676672616D65776F726B2E73656375726974792E6F61757468322E70726F76696465722E426173655265717565737436287A3EA37169BD0200034C0008636C69656E74496471007E00134C001172657175657374506172616D657465727371007E01A64C000573636F706571007E01A878707400057465737432737200256A6176612E7574696C2E436F6C6C656374696F6E7324556E6D6F6469666961626C654D6170F1A5A8FE74F507420200014C00016D71007E01A67870737200116A6176612E7574696C2E486173684D61700507DAC1C31660D103000246000A6C6F6164466163746F724900097468726573686F6C6478703F4000000000000C77080000001000000006740004636F6465740006634A5851485674000A6772616E745F74797065740012617574686F72697A6174696F6E5F636F646574000D726573706F6E73655F74797065740004636F6465740006636C69656E74740005746573743274000C72656469726563745F757269740015687474703A2F2F3132372E302E302E313A38303833740009636C69656E745F696471007E01AB78737200256A6176612E7574696C2E436F6C6C656374696F6E7324556E6D6F6469666961626C65536574801D92D18F9B80550200007871007E0009737200176A6176612E7574696C2E4C696E6B656448617368536574D86CD75A95DD2A1E020000787200116A6176612E7574696C2E48617368536574BA44859596B8B7340300007870770C000000103F400000000000017400047573657278017371007E01BE770C000000103F40000000000000787371007E01AE3F400000000000007708000000100000000078740015687474703A2F2F3132372E302E302E313A38303833707371007E01BE770C000000103F40000000000000787371007E01BE770C000000103F4000000000000171007E01B5787372004F6F72672E737072696E676672616D65776F726B2E73656375726974792E61757468656E7469636174696F6E2E557365726E616D6550617373776F726441757468656E7469636174696F6E546F6B656E00000000000001A40200024C000B63726564656E7469616C7371007E00054C00097072696E636970616C71007E00057871007E0003017371007E00077371007E000B0000000177040000000171007E00107871007E01C9737200486F72672E737072696E676672616D65776F726B2E73656375726974792E7765622E61757468656E7469636174696F6E2E57656241757468656E7469636174696F6E44657461696C7300000000000001A40200024C000D72656D6F74654164647265737371007E00134C000973657373696F6E496471007E001378707400093132372E302E302E31740020314537463033363043333245413033414242413131304344463541373531393470737200326F72672E737072696E676672616D65776F726B2E73656375726974792E636F72652E7573657264657461696C732E5573657200000000000001A40200075A00116163636F756E744E6F6E457870697265645A00106163636F756E744E6F6E4C6F636B65645A001563726564656E7469616C734E6F6E457870697265645A0007656E61626C65644C000B617574686F72697469657371007E01A84C000870617373776F726471007E00134C0008757365726E616D6571007E00137870010101017371007E01BB737200116A6176612E7574696C2E54726565536574DD98509395ED875B0300007870737200466F72672E737072696E676672616D65776F726B2E73656375726974792E636F72652E7573657264657461696C732E5573657224417574686F72697479436F6D70617261746F7200000000000001A4020000787077040000000171007E0010787071007E01A4, '3b49832288e6ff3f75e70744fdfb9d05');
INSERT INTO `oauth_access_token` VALUES ('c2ae9a853886f8464c7b086896d3066e', 0xACED0005737200436F72672E737072696E676672616D65776F726B2E73656375726974792E6F61757468322E636F6D6D6F6E2E44656661756C744F4175746832416363657373546F6B656E0CB29E361B24FACE0200064C00156164646974696F6E616C496E666F726D6174696F6E74000F4C6A6176612F7574696C2F4D61703B4C000A65787069726174696F6E7400104C6A6176612F7574696C2F446174653B4C000C72656672657368546F6B656E74003F4C6F72672F737072696E676672616D65776F726B2F73656375726974792F6F61757468322F636F6D6D6F6E2F4F417574683252656672657368546F6B656E3B4C000573636F706574000F4C6A6176612F7574696C2F5365743B4C0009746F6B656E547970657400124C6A6176612F6C616E672F537472696E673B4C000576616C756571007E00057870737200176A6176612E7574696C2E4C696E6B6564486173684D617034C04E5C106CC0FB0200015A000B6163636573734F72646572787200116A6176612E7574696C2E486173684D61700507DAC1C31660D103000246000A6C6F6164466163746F724900097468726573686F6C6478703F4000000000000377080000000400000002740009757365725F696E666F7372002D636F6D2E726963656C696E6B2E636C6F75642E6D61696E2E6D61707065722E6D6F64656C2E4261736555736572560B3335ED6DCD790200094C00066163746976657400134C6A6176612F6C616E672F496E74656765723B4C000361676571007E000C4C000A6372656174654461746571007E00024C000667656E64657271007E00054C0002696471007E00054C000870617373776F726471007E00054C000570686F6E6571007E00054C000A7570646174654461746571007E00024C0008757365724E616D6571007E00057870737200116A6176612E6C616E672E496E746567657212E2A0A4F781873802000149000576616C7565787200106A6176612E6C616E672E4E756D62657286AC951D0B94E08B0200007870000000017371007E000E000000167372000E6A6176612E7574696C2E44617465686A81014B597419030000787077080000015E70774FC8787400013174002432333831383134312D383362342D313165372D623335612D3030666636323237616161317074000B31333030303030303030307074000873797361646D696E7400036A746974002439613138343436642D356266622D346133622D623834612D35373861623932393764353678007371007E0012770800000162820E7053787372004C6F72672E737072696E676672616D65776F726B2E73656375726974792E6F61757468322E636F6D6D6F6E2E44656661756C744578706972696E674F417574683252656672657368546F6B656E2FDF47639DD0C9B70200014C000A65787069726174696F6E71007E0002787200446F72672E737072696E676672616D65776F726B2E73656375726974792E6F61757468322E636F6D6D6F6E2E44656661756C744F417574683252656672657368546F6B656E73E10E0A6354D45E0200014C000576616C756571007E0005787074038465794A68624763694F694A53557A49314E694973496E523563434936496B705856434A392E65794A316332567958326C755A6D38694F6E7369615751694F6949794D7A67784F4445304D5330344D3249304C5445785A546374596A4D31595330774D475A6D4E6A49794E324668595445694C434A3163325679546D46745A534936496E4E356332466B62576C75496977696347467A63336476636D51694F6D353162477773496E426F6232356C496A6F694D544D774D4441774D4441774D4441694C434A6E5A57356B5A5849694F694978496977695957646C496A6F794D69776959574E3061585A6C496A6F784C434A6A636D5668644756455958526C496A6F784E5441314D5449314E4449784D4441774C434A3163475268644756455958526C496A7075645778736653776964584E6C636C39755957316C496A6F6963336C7A59575274615734694C434A7A593239775A53493657794A3163325679496C3073496D463061534936496A6C684D5467304E445A6B4C5456695A6D49744E47457A596931694F4452684C5455334F4746694F5449354E3251314E694973496D5634634349364D5455794E4445794D6A63304E4377695958563061473979615852705A584D694F6C736963336C7A595752746157346958537769616E5270496A6F694E7A68694F575A6C596D45745954426A4F4330304D6D49344C546C6A4D474D744F4463354D44457A4E545A6D4D57493349697769593278705A57353058326C6B496A6F696447567A64434A392E4C4A6F6A66756E47304A505232446C5069506945674866315479633458745276766D71483356316D686B785733325456304570432D474C43376F436E6C594F4A30436943336A386C2D4B4F516C4A41514B586256716C5F63556F584B3258796A525259516E6547304C757A75594B4944384A564A6A48774C4274454A644F673539343844427078736771376E74665051456A5346626E434B524A504F665A6E72727374626650324D4E4A7041755878547773552D3361564C68533562454779654A3362354F3064416A6A4175334A7733615967714832716D4C6F73796F63344C325933784C56366A6B71636C43376B4B6738446343317554426170775247527077384B6E30524E306475614A4B57715A7862354E4E507767756B686D5F4F466B62344C65383069493058447132334E5A37776C456C7575347749474F6E3863777A6957306C31686F4C573253495441314857777A34517371007E0012770800000162DCCB761678737200256A6176612E7574696C2E436F6C6C656374696F6E7324556E6D6F6469666961626C65536574801D92D18F9B80550200007872002C6A6176612E7574696C2E436F6C6C656374696F6E7324556E6D6F6469666961626C65436F6C6C656374696F6E19420080CB5EF71E0200014C0001637400164C6A6176612F7574696C2F436F6C6C656374696F6E3B7870737200176A6176612E7574696C2E4C696E6B656448617368536574D86CD75A95DD2A1E020000787200116A6176612E7574696C2E48617368536574BA44859596B8B7340300007870770C000000103F40000000000001740004757365727874000662656172657274034865794A68624763694F694A53557A49314E694973496E523563434936496B705856434A392E65794A316332567958326C755A6D38694F6E7369615751694F6949794D7A67784F4445304D5330344D3249304C5445785A546374596A4D31595330774D475A6D4E6A49794E324668595445694C434A3163325679546D46745A534936496E4E356332466B62576C75496977696347467A63336476636D51694F6D353162477773496E426F6232356C496A6F694D544D774D4441774D4441774D4441694C434A6E5A57356B5A5849694F694978496977695957646C496A6F794D69776959574E3061585A6C496A6F784C434A6A636D5668644756455958526C496A6F784E5441314D5449314E4449784D4441774C434A3163475268644756455958526C496A7075645778736653776964584E6C636C39755957316C496A6F6963336C7A59575274615734694C434A7A593239775A53493657794A3163325679496C3073496D5634634349364D5455794D6A59774D4451774E7977695958563061473979615852705A584D694F6C736963336C7A595752746157346958537769616E5270496A6F694F5745784F4451304E6D51744E574A6D5969303059544E694C5749344E4745744E546334595749354D6A6B335A44553249697769593278705A57353058326C6B496A6F696447567A64434A392E543779314A6D39546D327764303830565765332D6B4C654C544C70653451382D62794F4C72343975612D4E633951456E53316E49354A62594B6D4C785059374945474A6C3050797A46734F71386E36584B4E3559764747564A5A4C4A5569577375324667564F78736250486B53436F4137476D6644764B644F5A59354368526743476166516D4349395A6A3479695238336A4B743939644D4A30506D726447744A79453852446A58664A556D78344B6B365F6E5955305157334A34626E374D71374142625A484B6F614B4F795A2D567947354F4E33784B562D45595473713851516579566E43574C5F51684368465659593047634E76766B693441514C5166567270526836797836494B385637643459414E486D576731316A462D5A53306C6D59565A51614B4F4C6B43505064654D75667A63455378536E6332307A527A6C337A455339484B62336F6D325F50626466366C346D4D77, '86686c118e55393053b0e34c94df206a', 'sysadmin', 'test', 0xACED0005737200416F72672E737072696E676672616D65776F726B2E73656375726974792E6F61757468322E70726F76696465722E4F417574683241757468656E7469636174696F6EBD400B02166252130200024C000D73746F7265645265717565737474003C4C6F72672F737072696E676672616D65776F726B2F73656375726974792F6F61757468322F70726F76696465722F4F4175746832526571756573743B4C00127573657241757468656E7469636174696F6E7400324C6F72672F737072696E676672616D65776F726B2F73656375726974792F636F72652F41757468656E7469636174696F6E3B787200476F72672E737072696E676672616D65776F726B2E73656375726974792E61757468656E7469636174696F6E2E416273747261637441757468656E7469636174696F6E546F6B656ED3AA287E6E47640E0200035A000D61757468656E746963617465644C000B617574686F7269746965737400164C6A6176612F7574696C2F436F6C6C656374696F6E3B4C000764657461696C737400124C6A6176612F6C616E672F4F626A6563743B787000737200266A6176612E7574696C2E436F6C6C656374696F6E7324556E6D6F6469666961626C654C697374FC0F2531B5EC8E100200014C00046C6973747400104C6A6176612F7574696C2F4C6973743B7872002C6A6176612E7574696C2E436F6C6C656374696F6E7324556E6D6F6469666961626C65436F6C6C656374696F6E19420080CB5EF71E0200014C00016371007E00047870737200136A6176612E7574696C2E41727261794C6973747881D21D99C7619D03000149000473697A6578700000000177040000000173720036636F6D2E726963656C696E6B2E636C6F75642E617574682E706F6A6F2E617574682E426173654772616E746564417574686F726974799A5527223CD4167A0200024C0004726F6C6574002F4C636F6D2F726963656C696E6B2F636C6F75642F6D61696E2F6D61707065722F6D6F64656C2F42617365526F6C653B4C00047573657274002F4C636F6D2F726963656C696E6B2F636C6F75642F6D61696E2F6D61707065722F6D6F64656C2F42617365557365723B78707372002D636F6D2E726963656C696E6B2E636C6F75642E6D61696E2E6D61707065722E6D6F64656C2E42617365526F6C650BD97995AB25F5F80200064C000A637265617465446174657400104C6A6176612F7574696C2F446174653B4C000269647400124C6A6176612F6C616E672F537472696E673B4C00076D6F64756C657371007E00084C0008726F6C65436F646571007E00134C0008726F6C654E616D6571007E00134C000A7570646174654461746571007E001278707372000E6A6176612E7574696C2E44617465686A81014B597419030000787077080000015DF0EC3C007874002465613735626465632D383430342D313165372D623335612D3030666636323237616161317371007E000B0000000177040000000173720038636F6D2E726963656C696E6B2E636C6F75642E6D61696E2E6D61707065722E6D6F64656C2E426173654D6F64756C655265736F7572636573AF75DDF85F16D0C402000E4C00066163746976657400134C6A6176612F6C616E672F496E74656765723B4C000A6372656174654461746571007E00124C000A687474704D6574686F6471007E00134C0002696471007E00134C000B69734F7065726174696E6771007E001A4C000A6D6F64756C65436F646571007E00134C000A6D6F64756C6549636F6E71007E00134C000A6D6F64756C654E616D6571007E00134C000A6D6F64756C655061746871007E00134C0008706172656E74496471007E00134C0004736F727471007E001A4C000A7375624D6F64756C657371007E00084C000873797374656D496471007E00134C000A7570646174654461746571007E00127870737200116A6176612E6C616E672E496E746567657212E2A0A4F781873802000149000576616C7565787200106A6176612E6C616E672E4E756D62657286AC951D0B94E08B0200007870000000017371007E001577080000015DF0EC3C00787074002431313365396339342D383430352D313165372D623335612D3030666636323237616161317371007E001C0000000074000F53545354454D5F53455454494E475374000F656C2D69636F6E2D73657474696E6774000CE7B3BBE7BB9FE8AEBEE7BDAE7400072F73797374656D7071007E001E7371007E000B000000057704000000057371007E001971007E001E7371007E001577080000015E6C84DC00787074002432633832666230362D383430352D313165372D623335612D30306666363232376161613171007E002174000C555345525F4D414E4147454474000C656C2D69636F6E2D6D656E7574000CE794A8E688B7E7AEA1E790867400052F7573657274002431313365396339342D383430352D313165372D623335612D30306666363232376161613171007E001E7371007E000B000000087704000000087371007E001971007E001E7371007E001577080000015E6C84DC007874000347455474002435623563306665322D393661362D313165372D383633652D30306666363232376161613171007E001E74000D4745545F555345525F524F4C4570740018E88EB7E58F96E5B7B2E68E88E69D83E79A84E8A792E889B27400132F757365722F726F6C652F7B7573657249647D74002432633832666230362D383430352D313165372D623335612D303066663632323761616131707371007E000B000000007704000000007874002464363930363061332D393134622D313165372D386339392D303066663632323761616131707371007E001971007E001E7371007E001577080000015E6C84DC0078740004504F535474002437626635613961612D393661362D313165372D383633652D30306666363232376161613171007E001E74000E534156455F555345525F524F4C4570740018E4BF9DE5AD98E794A8E688B7E8A792E889B2E68E88E69D8374000A2F757365722F726F6C6574002432633832666230362D383430352D313165372D623335612D303066663632323761616131707371007E000B000000007704000000007874002464363930363061332D393134622D313165372D386339392D303066663632323761616131707371007E001971007E001E7371007E001577080000015E57EB6C0078740004504F535474002437653937623362332D393661352D313165372D383633652D30306666363232376161613171007E001E74001051554552595F555345525F5441424C4570740012E69FA5E8AFA2E794A8E688B7E8A1A8E6A0BC74000B2F757365722F7461626C6574002432633832666230362D383430352D313165372D623335612D30306666363232376161613171007E00217371007E000B000000007704000000007874002464363930363061332D393134622D313165372D386339392D303066663632323761616131707371007E001971007E001E7371007E001577080000015E6C84DC007874000347455474002438653636396166652D393664632D313165372D383633652D30306666363232376161613171007E001E74001256414C49444154455F555345525F4E414D457074000FE6A0A1E9AA8CE794A8E688B7E5908D7400192F757365722F76616C69646174652F7B757365724E616D657D74002432633832666230362D383430352D313165372D623335612D303066663632323761616131707371007E000B000000007704000000007874002464363930363061332D393134622D313165372D386339392D303066663632323761616131707371007E001971007E001E7371007E001577080000015E57EB6C0078740004504F535474002439643734643765622D393661352D313165372D383633652D30306666363232376161613171007E001E7400084144445F555345527074000CE696B0E5A29EE794A8E688B77400052F7573657274002432633832666230362D383430352D313165372D623335612D30306666363232376161613171007E00217371007E000B000000007704000000007874002464363930363061332D393134622D313165372D386339392D303066663632323761616131707371007E001971007E001E7371007E001577080000015E57EB6C007874000350555474002461646331653264632D393661352D313165372D383633652D30306666363232376161613171007E001E740009454449545F555345527074000CE7BC96E8BE91E794A8E688B77400052F7573657274002432633832666230362D383430352D313165372D623335612D30306666363232376161613171007E00217371007E000B000000007704000000007874002464363930363061332D393134622D313165372D386339392D303066663632323761616131707371007E001971007E001E7371007E001577080000015E57EB6C007874000350555474002463336535666337362D393661352D313165372D383633652D30306666363232376161613171007E001E74000B44454C4554455F555345527074000CE588A0E999A4E794A8E688B77400052F7573657274002432633832666230362D383430352D313165372D623335612D30306666363232376161613171007E00217371007E000B000000007704000000007874002464363930363061332D393134622D313165372D386339392D303066663632323761616131707371007E001971007E001E7371007E001577080000015E57EB6C0078740004504F535474002465316666346431642D393661352D313165372D383633652D30306666363232376161613171007E001E74000E52455345545F50415353574F52447074000CE9878DE7BDAEE5AF86E7A08174001C2F757365722F70617373776F72642F7B6E657750617373776F72647D74002432633832666230362D383430352D313165372D623335612D30306666363232376161613171007E00217371007E000B000000007704000000007874002464363930363061332D393134622D313165372D386339392D303066663632323761616131707874002464363930363061332D393134622D313165372D386339392D3030666636323237616161317371007E001577080000015E0AAC0800787371007E001971007E001E7371007E001577080000015E6C84DC00787074002433326430616561622D383430352D313165372D623335612D30306666363232376161613171007E002174000C524F4C455F4D414E414745447074000CE8A792E889B2E7AEA1E790867400052F726F6C6574002431313365396339342D383430352D313165372D623335612D3030666636323237616161317371007E001C000000027371007E000B000000077704000000077371007E001971007E001E7371007E001577080000015E57EB6C007874000347455474002432363330353834342D393661352D313165372D383633652D30306666363232376161613171007E001E7400144745545F524F4C455F415554485F4D4F44554C4570740018E88EB7E58F96E5B7B2E68E88E69D83E79A84E6A8A1E59D977400132F726F6C652F617574682F7B726F6C6549647D74002433326430616561622D383430352D313165372D623335612D30306666363232376161613171007E00217371007E000B000000007704000000007874002464363930363061332D393134622D313165372D386339392D303066663632323761616131707371007E001971007E001E7371007E001577080000015E6C84DC007874000347455474002433316536633462382D393661362D313165372D383633652D30306666363232376161613171007E001E7400094745545F524F4C455370740012E88EB7E58F96E68980E69C89E8A792E889B27400052F726F6C6574002433326430616561622D383430352D313165372D623335612D303066663632323761616131707371007E000B000000007704000000007874002464363930363061332D393134622D313165372D386339392D303066663632323761616131707371007E001971007E001E7371007E001577080000015E57EB6C0078740004504F535474002434623766333164632D393661352D313165372D383633652D30306666363232376161613171007E001E740015534156455F524F4C455F415554485F4D4F44554C4570740012E4BF9DE5AD98E68E88E69D83E6A8A1E59D9774000C2F6D6F64756C652F726F6C6574002433326430616561622D383430352D313165372D623335612D30306666363232376161613171007E00217371007E000B000000007704000000007874002464363930363061332D393134622D313165372D386339392D303066663632323761616131707371007E001971007E001E7371007E001577080000015E57EB6C0078740004504F535474002438663834613131312D393661342D313165372D383633652D30306666363232376161613171007E001E74001051554552595F524F4C455F5441424C4570740012E69FA5E8AFA2E8A792E889B2E8A1A8E6A0BC74000B2F726F6C652F7461626C6574002433326430616561622D383430352D313165372D623335612D30306666363232376161613171007E00217371007E000B000000007704000000007874002464363930363061332D393134622D313165372D386339392D303066663632323761616131707371007E001971007E001E7371007E001577080000015E57EB6C0078740004504F535474002439666539333362632D393661342D313165372D383633652D30306666363232376161613171007E001E7400084144445F524F4C457074000CE696B0E5A29EE8A792E889B27400052F726F6C6574002433326430616561622D383430352D313165372D623335612D30306666363232376161613171007E00217371007E000B000000007704000000007874002464363930363061332D393134622D313165372D386339392D303066663632323761616131707371007E001971007E001E7371007E001577080000015E57EB6C007874000350555474002461643034656332632D393661342D313165372D383633652D30306666363232376161613171007E001E740009454449545F524F4C457074000CE7BC96E8BE91E8A792E889B27400052F726F6C6574002433326430616561622D383430352D313165372D623335612D30306666363232376161613171007E00217371007E000B000000007704000000007874002464363930363061332D393134622D313165372D386339392D303066663632323761616131707371007E001971007E001E7371007E001577080000015E57EB6C007874000644454C45544574002462613138353839332D393661342D313165372D383633652D30306666363232376161613171007E001E74000B44454C4554455F524F4C457074000CE588A0E999A4E8A792E889B27400052F726F6C6574002433326430616561622D383430352D313165372D623335612D30306666363232376161613171007E00217371007E000B000000007704000000007874002464363930363061332D393134622D313165372D386339392D303066663632323761616131707874002464363930363061332D393134622D313165372D386339392D303066663632323761616131707371007E001971007E001E7371007E001577080000015E6C84DC007874000347455474002439343364316666612D393664642D313165372D383633652D30306666363232376161613171007E002174000B4150505F4D414E414745447074000CE5BA94E794A8E7AEA1E790867400042F61707074002431313365396339342D383430352D313165372D623335612D30306666363232376161613171007E00217371007E000B000000047704000000047371007E001971007E001E7371007E001577080000015E6C84DC0078740004504F535474002462306337636430322D393664642D313165372D383633652D30306666363232376161613171007E001E74000F51554552595F4150505F5441424C4570740012E69FA5E8AFA2E5BA94E794A8E8A1A8E6A0BC74000D2F636C69656E742F7461626C6574002439343364316666612D393664642D313165372D383633652D30306666363232376161613171007E00217371007E000B000000007704000000007874002464363930363061332D393134622D313165372D386339392D303066663632323761616131707371007E001971007E001E7371007E001577080000015E6C84DC0078740004504F535474002463353461303262382D393664642D313165372D383633652D30306666363232376161613171007E001E7400074144445F4150507074000CE696B0E5A29EE5BA94E794A87400072F636C69656E7474002439343364316666612D393664642D313165372D383633652D30306666363232376161613171007E00217371007E000B000000007704000000007874002464363930363061332D393134622D313165372D386339392D303066663632323761616131707371007E001971007E001E7371007E001577080000015E6C84DC007874000350555474002464336663636266622D393664642D313165372D383633652D30306666363232376161613171007E001E740008454449545F4150507074000CE7BC96E8BE91E5BA94E794A87400072F636C69656E7474002439343364316666612D393664642D313165372D383633652D30306666363232376161613171007E00217371007E000B000000007704000000007874002464363930363061332D393134622D313165372D386339392D303066663632323761616131707371007E001971007E001E7371007E001577080000015E6C84DC007874000644454C45544574002465323962643437612D393664642D313165372D383633652D30306666363232376161613171007E001E74000A44454C4554455F4150507074000CE588A0E999A4E5BA94E794A87400072F636C69656E7474002439343364316666612D393664642D313165372D383633652D30306666363232376161613171007E00217371007E000B000000007704000000007874002464363930363061332D393134622D313165372D386339392D303066663632323761616131707874002464363930363061332D393134622D313165372D386339392D303066663632323761616131707371007E001971007E001E7371007E001577080000015E0585AC00787074002462323561303265332D393263372D313165372D386339392D30306666363232376161613171007E002174000E53595354454D5F4D414E414745447074000CE7B3BBE7BB9FE7AEA1E790867400072F73797374656D74002431313365396339342D383430352D313165372D623335612D3030666636323237616161317371007E001C000000037371007E000B000000067704000000067371007E001971007E001E7371007E001577080000015E57EB6C0078740004504F535474002432363735343639622D393661342D313165372D383633652D30306666363232376161613171007E001E74001251554552595F53595354454D5F5441424C4570740012E69FA5E8AFA2E7B3BBE7BB9FE8A1A8E6A0BC74000D2F73797374656D2F7461626C6574002462323561303265332D393263372D313165372D386339392D30306666363232376161613171007E00217371007E000B000000007704000000007874002464363930363061332D393134622D313165372D386339392D303066663632323761616131707371007E001971007E001E7371007E001577080000015E6C84DC007874000347455474002433633662663365322D393639632D313165372D383633652D30306666363232376161613171007E001E74000C51554552595F53595354454D7074000CE69FA5E8AFA2E7B3BBE7BB9F7400072F73797374656D74002462323561303265332D393263372D313165372D386339392D303066663632323761616131707371007E000B000000007704000000007874002464363930363061332D393134622D313165372D386339392D303066663632323761616131707371007E001971007E001E7371007E001577080000015E57EB6C0078740004504F535474002434323137393335352D393661342D313165372D383633652D30306666363232376161613171007E001E74000A4144445F53595354454D7074000CE696B0E5A29EE7B3BBE7BB9F7400072F73797374656D74002462323561303265332D393263372D313165372D386339392D30306666363232376161613171007E00217371007E000B000000007704000000007874002464363930363061332D393134622D313165372D386339392D303066663632323761616131707371007E001971007E001E7371007E001577080000015E57EB6C007874000350555474002435303339623232352D393661342D313165372D383633652D30306666363232376161613171007E001E74000B454449545F53595354454D7074000CE7BC96E8BE91E7B3BBE7BB9F7400072F73797374656D74002462323561303265332D393263372D313165372D386339392D30306666363232376161613171007E00217371007E000B000000007704000000007874002464363930363061332D393134622D313165372D386339392D303066663632323761616131707371007E001971007E001E7371007E001577080000015E57EB6C007874000644454C45544574002435633832626564352D393661342D313165372D383633652D30306666363232376161613171007E001E74000D44454C4554455F53595354454D7074000CE588A0E999A4E7B3BBE7BB9F7400072F73797374656D74002462323561303265332D393263372D313165372D386339392D30306666363232376161613171007E00217371007E000B000000007704000000007874002464363930363061332D393134622D313165372D386339392D303066663632323761616131707371007E001971007E001E7371007E001577080000015E6C84DC007874000347455474002466653461366431662D393661342D313165372D383633652D30306666363232376161613171007E001E7400114745545F53595354454D5F4D4F44554C4570740015E88EB7E58F96E7B3BBE7BB9FE4B88EE6A8A1E59D9774000E2F73797374656D2F6D6F64756C6574002462323561303265332D393263372D313165372D386339392D303066663632323761616131707371007E000B000000007704000000007874002464363930363061332D393134622D313165372D386339392D303066663632323761616131707874002464363930363061332D393134622D313165372D386339392D303066663632323761616131707371007E001971007E001E7371007E001577080000015E0585AC00787074002465363931333163322D383730642D313165372D616431652D30306666363232376161613171007E002174000E4D4F44554C455F4D414E414745447074000CE6A8A1E59D97E7AEA1E790867400072F6D6F64756C6574002431313365396339342D383430352D313165372D623335612D30306666363232376161613171007E010B7371007E000B000000077704000000077371007E001971007E001E7371007E001577080000015E6C84DC0078740004504F535474002431343263653636392D393661322D313165372D383633652D30306666363232376161613171007E001E74001251554552595F4D4F44554C455F5441424C4570740012E69FA5E8AFA2E6A8A1E59D97E8A1A8E6A0BC74000D2F6D6F64756C652F7461626C6574002465363931333163322D383730642D313165372D616431652D303066663632323761616131707371007E000B000000007704000000007874002464363930363061332D393134622D313165372D386339392D303066663632323761616131707371007E001971007E001E7371007E001577080000015E6C84DC0078740004504F535474002435356334386334312D393661322D313165372D383633652D30306666363232376161613171007E001E74000A4144445F4D4F44554C457074000CE696B0E5A29EE6A8A1E59D977400072F6D6F64756C6574002465363931333163322D383730642D313165372D616431652D303066663632323761616131707371007E000B000000007704000000007874002464363930363061332D393134622D313165372D386339392D303066663632323761616131707371007E001971007E001E7371007E001577080000015E6C84DC007874000347455474002435366236373433332D393664632D313165372D383633652D30306666363232376161613171007E001E74001456414C49444154455F4D4F44554C455F434F44457074000CE6A0A1E9AA8CE6A8A1E59D9774001D2F6D6F64756C652F76616C69646174652F7B6D6F64756C65436F64657D74002465363931333163322D383730642D313165372D616431652D303066663632323761616131707371007E000B000000007704000000007874002464363930363061332D393134622D313165372D386339392D303066663632323761616131707371007E001971007E001E7371007E001577080000015E6C84DC007874000350555474002437333632343132652D393661322D313165372D383633652D30306666363232376161613171007E001E74000B454449545F4D4F44554C457074000CE7BC96E8BE91E6A8A1E59D977400072F6D6F64756C6574002465363931333163322D383730642D313165372D616431652D303066663632323761616131707371007E000B000000007704000000007874002464363930363061332D393134622D313165372D386339392D303066663632323761616131707371007E001971007E001E7371007E001577080000015E6C84DC007874000644454C45544574002438323266373134632D393661322D313165372D383633652D30306666363232376161613171007E001E74000D44454C4554455F4D4F44554C457074000CE588A0E999A4E6A8A1E59D977400072F6D6F64756C6574002465363931333163322D383730642D313165372D616431652D303066663632323761616131707371007E000B000000007704000000007874002464363930363061332D393134622D313165372D386339392D303066663632323761616131707371007E001971007E001E7371007E001577080000015E6C84DC0078740004504F535474002438333338636539382D393639632D313165372D383633652D30306666363232376161613171007E001E74000F4745545F4D4F44554C455F545245457074000FE88EB7E58F96E6A8A1E59D97E6A09174000C2F6D6F64756C652F7472656574002465363931333163322D383730642D313165372D616431652D303066663632323761616131707371007E000B000000007704000000007874002464363930363061332D393134622D313165372D386339392D303066663632323761616131707371007E001971007E001E7371007E001577080000015E57EB6C007874000347455474002465666638656461342D393337642D313165372D386339392D30306666363232376161613171007E001E74000A51554552595F4D454E557074000CE69FA5E8AFA2E88F9CE58D9574000F2F7265736F75726365732F6D656E7574002465363931333163322D383730642D313165372D616431652D30306666363232376161613171007E00217371007E000B000000007704000000007874002464363930363061332D393134622D313165372D386339392D303066663632323761616131707874002464363930363061332D393134622D313165372D386339392D303066663632323761616131707874002464363930363061332D393134622D313165372D386339392D3030666636323237616161317371007E001577080000015E0AAC0800787874000873797361646D696E74000FE7B3BBE7BB9FE7AEA1E79086E59198707372002D636F6D2E726963656C696E6B2E636C6F75642E6D61696E2E6D61707065722E6D6F64656C2E4261736555736572560B3335ED6DCD790200094C000661637469766571007E001A4C000361676571007E001A4C000A6372656174654461746571007E00124C000667656E64657271007E00134C0002696471007E00134C000870617373776F726471007E00134C000570686F6E6571007E00134C000A7570646174654461746571007E00124C0008757365724E616D6571007E0013787071007E001E7371007E001C000000167371007E001577080000015E70774FC8787400013174002432333831383134312D383362342D313165372D623335612D3030666636323237616161317074000B31333030303030303030307074000873797361646D696E7871007E000C707372003A6F72672E737072696E676672616D65776F726B2E73656375726974792E6F61757468322E70726F76696465722E4F41757468325265717565737400000000000000010200075A0008617070726F7665644C000B617574686F72697469657371007E00044C000A657874656E73696F6E7374000F4C6A6176612F7574696C2F4D61703B4C000B726564697265637455726971007E00134C00077265667265736874003B4C6F72672F737072696E676672616D65776F726B2F73656375726974792F6F61757468322F70726F76696465722F546F6B656E526571756573743B4C000B7265736F7572636549647374000F4C6A6176612F7574696C2F5365743B4C000D726573706F6E7365547970657371007E01A8787200386F72672E737072696E676672616D65776F726B2E73656375726974792E6F61757468322E70726F76696465722E426173655265717565737436287A3EA37169BD0200034C0008636C69656E74496471007E00134C001172657175657374506172616D657465727371007E01A64C000573636F706571007E01A8787074000474657374737200256A6176612E7574696C2E436F6C6C656374696F6E7324556E6D6F6469666961626C654D6170F1A5A8FE74F507420200014C00016D71007E01A67870737200116A6176612E7574696C2E486173684D61700507DAC1C31660D103000246000A6C6F6164466163746F724900097468726573686F6C6478703F4000000000000C77080000001000000006740004636F64657400064F416C44323174000A6772616E745F74797065740012617574686F72697A6174696F6E5F636F646574000D726573706F6E73655F74797065740004636F6465740006636C69656E747400047465737474000C72656469726563745F757269740015687474703A2F2F3132372E302E302E313A38303833740009636C69656E745F696471007E01AB78737200256A6176612E7574696C2E436F6C6C656374696F6E7324556E6D6F6469666961626C65536574801D92D18F9B80550200007871007E0009737200176A6176612E7574696C2E4C696E6B656448617368536574D86CD75A95DD2A1E020000787200116A6176612E7574696C2E48617368536574BA44859596B8B7340300007870770C000000103F400000000000017400047573657278017371007E01BE770C000000103F40000000000000787371007E01AE3F400000000000007708000000100000000078740015687474703A2F2F3132372E302E302E313A38303833707371007E01BE770C000000103F40000000000000787371007E01BE770C000000103F4000000000000171007E01B5787372004F6F72672E737072696E676672616D65776F726B2E73656375726974792E61757468656E7469636174696F6E2E557365726E616D6550617373776F726441757468656E7469636174696F6E546F6B656E00000000000001A40200024C000B63726564656E7469616C7371007E00054C00097072696E636970616C71007E00057871007E0003017371007E00077371007E000B0000000177040000000171007E00107871007E01C9737200486F72672E737072696E676672616D65776F726B2E73656375726974792E7765622E61757468656E7469636174696F6E2E57656241757468656E7469636174696F6E44657461696C7300000000000001A40200024C000D72656D6F74654164647265737371007E00134C000973657373696F6E496471007E001378707400093132372E302E302E31740020323535434536413846444136424444353230433530464433433044323733413670737200326F72672E737072696E676672616D65776F726B2E73656375726974792E636F72652E7573657264657461696C732E5573657200000000000001A40200075A00116163636F756E744E6F6E457870697265645A00106163636F756E744E6F6E4C6F636B65645A001563726564656E7469616C734E6F6E457870697265645A0007656E61626C65644C000B617574686F72697469657371007E01A84C000870617373776F726471007E00134C0008757365726E616D6571007E00137870010101017371007E01BB737200116A6176612E7574696C2E54726565536574DD98509395ED875B0300007870737200466F72672E737072696E676672616D65776F726B2E73656375726974792E636F72652E7573657264657461696C732E5573657224417574686F72697479436F6D70617261746F7200000000000001A4020000787077040000000171007E0010787071007E01A4, 'a468bc59be646b3a0d4c72c9a2889db5');

-- ----------------------------
-- Table structure for oauth_client_details
-- ----------------------------
DROP TABLE IF EXISTS `oauth_client_details`;
CREATE TABLE `oauth_client_details` (
  `client_id` varchar(255) NOT NULL,
  `resource_ids` varchar(255) DEFAULT NULL,
  `client_secret` varchar(255) DEFAULT NULL,
  `scope` varchar(255) DEFAULT 'user',
  `authorized_grant_types` varchar(255) DEFAULT NULL,
  `web_server_redirect_uri` varchar(255) DEFAULT NULL,
  `authorities` varchar(255) DEFAULT NULL,
  `access_token_validity` int(11) DEFAULT NULL,
  `refresh_token_validity` int(11) DEFAULT NULL,
  `additional_information` varchar(4096) DEFAULT NULL,
  `autoapprove` varchar(255) DEFAULT NULL,
  `name` varchar(64) DEFAULT NULL,
  PRIMARY KEY (`client_id`)
) ENGINE=InnoDB DEFAULT CHARSET=utf8;

-- ----------------------------
-- Records of oauth_client_details
-- ----------------------------
INSERT INTO `oauth_client_details` VALUES ('test', null, 'test', 'user', 'authorization_code,refresh_token,password,implicit,client_credentials', null, null, '43200', null, null, 'false', '基础应用');
INSERT INTO `oauth_client_details` VALUES ('test2', null, 'tes', 'user', 'authorization_code', null, null, '43205', null, null, 'true', '测试应用');

-- ----------------------------
-- Table structure for oauth_refresh_token
-- ----------------------------
DROP TABLE IF EXISTS `oauth_refresh_token`;
CREATE TABLE `oauth_refresh_token` (
  `token_id` varchar(255) DEFAULT NULL,
  `token` longblob,
  `authentication` longblob
) ENGINE=InnoDB DEFAULT CHARSET=utf8;

-- ----------------------------
-- Records of oauth_refresh_token
-- ----------------------------
INSERT INTO `oauth_refresh_token` VALUES ('3b49832288e6ff3f75e70744fdfb9d05', 0xACED00057372004C6F72672E737072696E676672616D65776F726B2E73656375726974792E6F61757468322E636F6D6D6F6E2E44656661756C744578706972696E674F417574683252656672657368546F6B656E2FDF47639DD0C9B70200014C000A65787069726174696F6E7400104C6A6176612F7574696C2F446174653B787200446F72672E737072696E676672616D65776F726B2E73656375726974792E6F61757468322E636F6D6D6F6E2E44656661756C744F417574683252656672657368546F6B656E73E10E0A6354D45E0200014C000576616C75657400124C6A6176612F6C616E672F537472696E673B787074038665794A68624763694F694A53557A49314E694973496E523563434936496B705856434A392E65794A316332567958326C755A6D38694F6E7369615751694F6949794D7A67784F4445304D5330344D3249304C5445785A546374596A4D31595330774D475A6D4E6A49794E324668595445694C434A3163325679546D46745A534936496E4E356332466B62576C75496977696347467A63336476636D51694F6D353162477773496E426F6232356C496A6F694D544D774D4441774D4441774D4441694C434A6E5A57356B5A5849694F694978496977695957646C496A6F794D69776959574E3061585A6C496A6F784C434A6A636D5668644756455958526C496A6F784E5441314D5449314E4449784D4441774C434A3163475268644756455958526C496A7075645778736653776964584E6C636C39755957316C496A6F6963336C7A59575274615734694C434A7A593239775A53493657794A3163325679496C3073496D463061534936496A4A6C596A67785A446B324C54526B4E4755744E474A685A4331694E6D45794C54646C4E6D49305A575A6B5A6A42684D694973496D5634634349364D5455794E4445354F4451354D5377695958563061473979615852705A584D694F6C736963336C7A595752746157346958537769616E5270496A6F69597A4A6A5A474E68596D59744D7A52684F4330305A545A684C546C6A5A4455744E44426A5A545A684F54517A5A6A5A6849697769593278705A57353058326C6B496A6F696447567A6444496966512E4E42376161396B6A3645776D68565274575256477179684443687771534B5F6A53504C4B4379356174524C595065494E542D475353434D72554132596B3054676C4B455F7975792D3557506656775F4F7163353234336B513145456E4135463938314148464362304F773172306E76534638716F6B304337722D6E4955704B5478666A4D41393954626D38545973764257454F693470684C47335068553730636357357A5A456F5378496A397277686F7258644A34414F4E6A724C64747A59623337464977794A4657656A456648546459354D716C4B6B554B58494348526F47456B43576E77386F62566A4D6C596D33584C30725476656D3039585434314B582D622D49674930434E5043616C476A6C573955743357433357777966647238676A42684E623149737066314B464E75665345516E4E786166624D4A714B38423465454331663430496B526D4A785037715143597164777372000E6A6176612E7574696C2E44617465686A81014B5974190300007870770800000162E14F468B78, 0xACED0005737200416F72672E737072696E676672616D65776F726B2E73656375726974792E6F61757468322E70726F76696465722E4F417574683241757468656E7469636174696F6EBD400B02166252130200024C000D73746F7265645265717565737474003C4C6F72672F737072696E676672616D65776F726B2F73656375726974792F6F61757468322F70726F76696465722F4F4175746832526571756573743B4C00127573657241757468656E7469636174696F6E7400324C6F72672F737072696E676672616D65776F726B2F73656375726974792F636F72652F41757468656E7469636174696F6E3B787200476F72672E737072696E676672616D65776F726B2E73656375726974792E61757468656E7469636174696F6E2E416273747261637441757468656E7469636174696F6E546F6B656ED3AA287E6E47640E0200035A000D61757468656E746963617465644C000B617574686F7269746965737400164C6A6176612F7574696C2F436F6C6C656374696F6E3B4C000764657461696C737400124C6A6176612F6C616E672F4F626A6563743B787000737200266A6176612E7574696C2E436F6C6C656374696F6E7324556E6D6F6469666961626C654C697374FC0F2531B5EC8E100200014C00046C6973747400104C6A6176612F7574696C2F4C6973743B7872002C6A6176612E7574696C2E436F6C6C656374696F6E7324556E6D6F6469666961626C65436F6C6C656374696F6E19420080CB5EF71E0200014C00016371007E00047870737200136A6176612E7574696C2E41727261794C6973747881D21D99C7619D03000149000473697A6578700000000177040000000173720036636F6D2E726963656C696E6B2E636C6F75642E617574682E706F6A6F2E617574682E426173654772616E746564417574686F726974799A5527223CD4167A0200024C0004726F6C6574002F4C636F6D2F726963656C696E6B2F636C6F75642F6D61696E2F6D61707065722F6D6F64656C2F42617365526F6C653B4C00047573657274002F4C636F6D2F726963656C696E6B2F636C6F75642F6D61696E2F6D61707065722F6D6F64656C2F42617365557365723B78707372002D636F6D2E726963656C696E6B2E636C6F75642E6D61696E2E6D61707065722E6D6F64656C2E42617365526F6C650BD97995AB25F5F80200064C000A637265617465446174657400104C6A6176612F7574696C2F446174653B4C000269647400124C6A6176612F6C616E672F537472696E673B4C00076D6F64756C657371007E00084C0008726F6C65436F646571007E00134C0008726F6C654E616D6571007E00134C000A7570646174654461746571007E001278707372000E6A6176612E7574696C2E44617465686A81014B597419030000787077080000015DF0EC3C007874002465613735626465632D383430342D313165372D623335612D3030666636323237616161317371007E000B0000000177040000000173720038636F6D2E726963656C696E6B2E636C6F75642E6D61696E2E6D61707065722E6D6F64656C2E426173654D6F64756C655265736F7572636573AF75DDF85F16D0C402000E4C00066163746976657400134C6A6176612F6C616E672F496E74656765723B4C000A6372656174654461746571007E00124C000A687474704D6574686F6471007E00134C0002696471007E00134C000B69734F7065726174696E6771007E001A4C000A6D6F64756C65436F646571007E00134C000A6D6F64756C6549636F6E71007E00134C000A6D6F64756C654E616D6571007E00134C000A6D6F64756C655061746871007E00134C0008706172656E74496471007E00134C0004736F727471007E001A4C000A7375624D6F64756C657371007E00084C000873797374656D496471007E00134C000A7570646174654461746571007E00127870737200116A6176612E6C616E672E496E746567657212E2A0A4F781873802000149000576616C7565787200106A6176612E6C616E672E4E756D62657286AC951D0B94E08B0200007870000000017371007E001577080000015DF0EC3C00787074002431313365396339342D383430352D313165372D623335612D3030666636323237616161317371007E001C0000000074000F53545354454D5F53455454494E475374000F656C2D69636F6E2D73657474696E6774000CE7B3BBE7BB9FE8AEBEE7BDAE7400072F73797374656D7071007E001E7371007E000B000000057704000000057371007E001971007E001E7371007E001577080000015E6C84DC00787074002432633832666230362D383430352D313165372D623335612D30306666363232376161613171007E002174000C555345525F4D414E4147454474000C656C2D69636F6E2D6D656E7574000CE794A8E688B7E7AEA1E790867400052F7573657274002431313365396339342D383430352D313165372D623335612D30306666363232376161613171007E001E7371007E000B000000087704000000087371007E001971007E001E7371007E001577080000015E6C84DC007874000347455474002435623563306665322D393661362D313165372D383633652D30306666363232376161613171007E001E74000D4745545F555345525F524F4C4570740018E88EB7E58F96E5B7B2E68E88E69D83E79A84E8A792E889B27400132F757365722F726F6C652F7B7573657249647D74002432633832666230362D383430352D313165372D623335612D303066663632323761616131707371007E000B000000007704000000007874002464363930363061332D393134622D313165372D386339392D303066663632323761616131707371007E001971007E001E7371007E001577080000015E6C84DC0078740004504F535474002437626635613961612D393661362D313165372D383633652D30306666363232376161613171007E001E74000E534156455F555345525F524F4C4570740018E4BF9DE5AD98E794A8E688B7E8A792E889B2E68E88E69D8374000A2F757365722F726F6C6574002432633832666230362D383430352D313165372D623335612D303066663632323761616131707371007E000B000000007704000000007874002464363930363061332D393134622D313165372D386339392D303066663632323761616131707371007E001971007E001E7371007E001577080000015E57EB6C0078740004504F535474002437653937623362332D393661352D313165372D383633652D30306666363232376161613171007E001E74001051554552595F555345525F5441424C4570740012E69FA5E8AFA2E794A8E688B7E8A1A8E6A0BC74000B2F757365722F7461626C6574002432633832666230362D383430352D313165372D623335612D30306666363232376161613171007E00217371007E000B000000007704000000007874002464363930363061332D393134622D313165372D386339392D303066663632323761616131707371007E001971007E001E7371007E001577080000015E6C84DC007874000347455474002438653636396166652D393664632D313165372D383633652D30306666363232376161613171007E001E74001256414C49444154455F555345525F4E414D457074000FE6A0A1E9AA8CE794A8E688B7E5908D7400192F757365722F76616C69646174652F7B757365724E616D657D74002432633832666230362D383430352D313165372D623335612D303066663632323761616131707371007E000B000000007704000000007874002464363930363061332D393134622D313165372D386339392D303066663632323761616131707371007E001971007E001E7371007E001577080000015E57EB6C0078740004504F535474002439643734643765622D393661352D313165372D383633652D30306666363232376161613171007E001E7400084144445F555345527074000CE696B0E5A29EE794A8E688B77400052F7573657274002432633832666230362D383430352D313165372D623335612D30306666363232376161613171007E00217371007E000B000000007704000000007874002464363930363061332D393134622D313165372D386339392D303066663632323761616131707371007E001971007E001E7371007E001577080000015E57EB6C007874000350555474002461646331653264632D393661352D313165372D383633652D30306666363232376161613171007E001E740009454449545F555345527074000CE7BC96E8BE91E794A8E688B77400052F7573657274002432633832666230362D383430352D313165372D623335612D30306666363232376161613171007E00217371007E000B000000007704000000007874002464363930363061332D393134622D313165372D386339392D303066663632323761616131707371007E001971007E001E7371007E001577080000015E57EB6C007874000350555474002463336535666337362D393661352D313165372D383633652D30306666363232376161613171007E001E74000B44454C4554455F555345527074000CE588A0E999A4E794A8E688B77400052F7573657274002432633832666230362D383430352D313165372D623335612D30306666363232376161613171007E00217371007E000B000000007704000000007874002464363930363061332D393134622D313165372D386339392D303066663632323761616131707371007E001971007E001E7371007E001577080000015E57EB6C0078740004504F535474002465316666346431642D393661352D313165372D383633652D30306666363232376161613171007E001E74000E52455345545F50415353574F52447074000CE9878DE7BDAEE5AF86E7A08174001C2F757365722F70617373776F72642F7B6E657750617373776F72647D74002432633832666230362D383430352D313165372D623335612D30306666363232376161613171007E00217371007E000B000000007704000000007874002464363930363061332D393134622D313165372D386339392D303066663632323761616131707874002464363930363061332D393134622D313165372D386339392D3030666636323237616161317371007E001577080000015E0AAC0800787371007E001971007E001E7371007E001577080000015E6C84DC00787074002433326430616561622D383430352D313165372D623335612D30306666363232376161613171007E002174000C524F4C455F4D414E414745447074000CE8A792E889B2E7AEA1E790867400052F726F6C6574002431313365396339342D383430352D313165372D623335612D3030666636323237616161317371007E001C000000027371007E000B000000077704000000077371007E001971007E001E7371007E001577080000015E57EB6C007874000347455474002432363330353834342D393661352D313165372D383633652D30306666363232376161613171007E001E7400144745545F524F4C455F415554485F4D4F44554C4570740018E88EB7E58F96E5B7B2E68E88E69D83E79A84E6A8A1E59D977400132F726F6C652F617574682F7B726F6C6549647D74002433326430616561622D383430352D313165372D623335612D30306666363232376161613171007E00217371007E000B000000007704000000007874002464363930363061332D393134622D313165372D386339392D303066663632323761616131707371007E001971007E001E7371007E001577080000015E6C84DC007874000347455474002433316536633462382D393661362D313165372D383633652D30306666363232376161613171007E001E7400094745545F524F4C455370740012E88EB7E58F96E68980E69C89E8A792E889B27400052F726F6C6574002433326430616561622D383430352D313165372D623335612D303066663632323761616131707371007E000B000000007704000000007874002464363930363061332D393134622D313165372D386339392D303066663632323761616131707371007E001971007E001E7371007E001577080000015E57EB6C0078740004504F535474002434623766333164632D393661352D313165372D383633652D30306666363232376161613171007E001E740015534156455F524F4C455F415554485F4D4F44554C4570740012E4BF9DE5AD98E68E88E69D83E6A8A1E59D9774000C2F6D6F64756C652F726F6C6574002433326430616561622D383430352D313165372D623335612D30306666363232376161613171007E00217371007E000B000000007704000000007874002464363930363061332D393134622D313165372D386339392D303066663632323761616131707371007E001971007E001E7371007E001577080000015E57EB6C0078740004504F535474002438663834613131312D393661342D313165372D383633652D30306666363232376161613171007E001E74001051554552595F524F4C455F5441424C4570740012E69FA5E8AFA2E8A792E889B2E8A1A8E6A0BC74000B2F726F6C652F7461626C6574002433326430616561622D383430352D313165372D623335612D30306666363232376161613171007E00217371007E000B000000007704000000007874002464363930363061332D393134622D313165372D386339392D303066663632323761616131707371007E001971007E001E7371007E001577080000015E57EB6C0078740004504F535474002439666539333362632D393661342D313165372D383633652D30306666363232376161613171007E001E7400084144445F524F4C457074000CE696B0E5A29EE8A792E889B27400052F726F6C6574002433326430616561622D383430352D313165372D623335612D30306666363232376161613171007E00217371007E000B000000007704000000007874002464363930363061332D393134622D313165372D386339392D303066663632323761616131707371007E001971007E001E7371007E001577080000015E57EB6C007874000350555474002461643034656332632D393661342D313165372D383633652D30306666363232376161613171007E001E740009454449545F524F4C457074000CE7BC96E8BE91E8A792E889B27400052F726F6C6574002433326430616561622D383430352D313165372D623335612D30306666363232376161613171007E00217371007E000B000000007704000000007874002464363930363061332D393134622D313165372D386339392D303066663632323761616131707371007E001971007E001E7371007E001577080000015E57EB6C007874000644454C45544574002462613138353839332D393661342D313165372D383633652D30306666363232376161613171007E001E74000B44454C4554455F524F4C457074000CE588A0E999A4E8A792E889B27400052F726F6C6574002433326430616561622D383430352D313165372D623335612D30306666363232376161613171007E00217371007E000B000000007704000000007874002464363930363061332D393134622D313165372D386339392D303066663632323761616131707874002464363930363061332D393134622D313165372D386339392D303066663632323761616131707371007E001971007E001E7371007E001577080000015E6C84DC007874000347455474002439343364316666612D393664642D313165372D383633652D30306666363232376161613171007E002174000B4150505F4D414E414745447074000CE5BA94E794A8E7AEA1E790867400042F61707074002431313365396339342D383430352D313165372D623335612D30306666363232376161613171007E00217371007E000B000000047704000000047371007E001971007E001E7371007E001577080000015E6C84DC0078740004504F535474002462306337636430322D393664642D313165372D383633652D30306666363232376161613171007E001E74000F51554552595F4150505F5441424C4570740012E69FA5E8AFA2E5BA94E794A8E8A1A8E6A0BC74000D2F636C69656E742F7461626C6574002439343364316666612D393664642D313165372D383633652D30306666363232376161613171007E00217371007E000B000000007704000000007874002464363930363061332D393134622D313165372D386339392D303066663632323761616131707371007E001971007E001E7371007E001577080000015E6C84DC0078740004504F535474002463353461303262382D393664642D313165372D383633652D30306666363232376161613171007E001E7400074144445F4150507074000CE696B0E5A29EE5BA94E794A87400072F636C69656E7474002439343364316666612D393664642D313165372D383633652D30306666363232376161613171007E00217371007E000B000000007704000000007874002464363930363061332D393134622D313165372D386339392D303066663632323761616131707371007E001971007E001E7371007E001577080000015E6C84DC007874000350555474002464336663636266622D393664642D313165372D383633652D30306666363232376161613171007E001E740008454449545F4150507074000CE7BC96E8BE91E5BA94E794A87400072F636C69656E7474002439343364316666612D393664642D313165372D383633652D30306666363232376161613171007E00217371007E000B000000007704000000007874002464363930363061332D393134622D313165372D386339392D303066663632323761616131707371007E001971007E001E7371007E001577080000015E6C84DC007874000644454C45544574002465323962643437612D393664642D313165372D383633652D30306666363232376161613171007E001E74000A44454C4554455F4150507074000CE588A0E999A4E5BA94E794A87400072F636C69656E7474002439343364316666612D393664642D313165372D383633652D30306666363232376161613171007E00217371007E000B000000007704000000007874002464363930363061332D393134622D313165372D386339392D303066663632323761616131707874002464363930363061332D393134622D313165372D386339392D303066663632323761616131707371007E001971007E001E7371007E001577080000015E0585AC00787074002462323561303265332D393263372D313165372D386339392D30306666363232376161613171007E002174000E53595354454D5F4D414E414745447074000CE7B3BBE7BB9FE7AEA1E790867400072F73797374656D74002431313365396339342D383430352D313165372D623335612D3030666636323237616161317371007E001C000000037371007E000B000000067704000000067371007E001971007E001E7371007E001577080000015E57EB6C0078740004504F535474002432363735343639622D393661342D313165372D383633652D30306666363232376161613171007E001E74001251554552595F53595354454D5F5441424C4570740012E69FA5E8AFA2E7B3BBE7BB9FE8A1A8E6A0BC74000D2F73797374656D2F7461626C6574002462323561303265332D393263372D313165372D386339392D30306666363232376161613171007E00217371007E000B000000007704000000007874002464363930363061332D393134622D313165372D386339392D303066663632323761616131707371007E001971007E001E7371007E001577080000015E6C84DC007874000347455474002433633662663365322D393639632D313165372D383633652D30306666363232376161613171007E001E74000C51554552595F53595354454D7074000CE69FA5E8AFA2E7B3BBE7BB9F7400072F73797374656D74002462323561303265332D393263372D313165372D386339392D303066663632323761616131707371007E000B000000007704000000007874002464363930363061332D393134622D313165372D386339392D303066663632323761616131707371007E001971007E001E7371007E001577080000015E57EB6C0078740004504F535474002434323137393335352D393661342D313165372D383633652D30306666363232376161613171007E001E74000A4144445F53595354454D7074000CE696B0E5A29EE7B3BBE7BB9F7400072F73797374656D74002462323561303265332D393263372D313165372D386339392D30306666363232376161613171007E00217371007E000B000000007704000000007874002464363930363061332D393134622D313165372D386339392D303066663632323761616131707371007E001971007E001E7371007E001577080000015E57EB6C007874000350555474002435303339623232352D393661342D313165372D383633652D30306666363232376161613171007E001E74000B454449545F53595354454D7074000CE7BC96E8BE91E7B3BBE7BB9F7400072F73797374656D74002462323561303265332D393263372D313165372D386339392D30306666363232376161613171007E00217371007E000B000000007704000000007874002464363930363061332D393134622D313165372D386339392D303066663632323761616131707371007E001971007E001E7371007E001577080000015E57EB6C007874000644454C45544574002435633832626564352D393661342D313165372D383633652D30306666363232376161613171007E001E74000D44454C4554455F53595354454D7074000CE588A0E999A4E7B3BBE7BB9F7400072F73797374656D74002462323561303265332D393263372D313165372D386339392D30306666363232376161613171007E00217371007E000B000000007704000000007874002464363930363061332D393134622D313165372D386339392D303066663632323761616131707371007E001971007E001E7371007E001577080000015E6C84DC007874000347455474002466653461366431662D393661342D313165372D383633652D30306666363232376161613171007E001E7400114745545F53595354454D5F4D4F44554C4570740015E88EB7E58F96E7B3BBE7BB9FE4B88EE6A8A1E59D9774000E2F73797374656D2F6D6F64756C6574002462323561303265332D393263372D313165372D386339392D303066663632323761616131707371007E000B000000007704000000007874002464363930363061332D393134622D313165372D386339392D303066663632323761616131707874002464363930363061332D393134622D313165372D386339392D303066663632323761616131707371007E001971007E001E7371007E001577080000015E0585AC00787074002465363931333163322D383730642D313165372D616431652D30306666363232376161613171007E002174000E4D4F44554C455F4D414E414745447074000CE6A8A1E59D97E7AEA1E790867400072F6D6F64756C6574002431313365396339342D383430352D313165372D623335612D30306666363232376161613171007E010B7371007E000B000000077704000000077371007E001971007E001E7371007E001577080000015E6C84DC0078740004504F535474002431343263653636392D393661322D313165372D383633652D30306666363232376161613171007E001E74001251554552595F4D4F44554C455F5441424C4570740012E69FA5E8AFA2E6A8A1E59D97E8A1A8E6A0BC74000D2F6D6F64756C652F7461626C6574002465363931333163322D383730642D313165372D616431652D303066663632323761616131707371007E000B000000007704000000007874002464363930363061332D393134622D313165372D386339392D303066663632323761616131707371007E001971007E001E7371007E001577080000015E6C84DC0078740004504F535474002435356334386334312D393661322D313165372D383633652D30306666363232376161613171007E001E74000A4144445F4D4F44554C457074000CE696B0E5A29EE6A8A1E59D977400072F6D6F64756C6574002465363931333163322D383730642D313165372D616431652D303066663632323761616131707371007E000B000000007704000000007874002464363930363061332D393134622D313165372D386339392D303066663632323761616131707371007E001971007E001E7371007E001577080000015E6C84DC007874000347455474002435366236373433332D393664632D313165372D383633652D30306666363232376161613171007E001E74001456414C49444154455F4D4F44554C455F434F44457074000CE6A0A1E9AA8CE6A8A1E59D9774001D2F6D6F64756C652F76616C69646174652F7B6D6F64756C65436F64657D74002465363931333163322D383730642D313165372D616431652D303066663632323761616131707371007E000B000000007704000000007874002464363930363061332D393134622D313165372D386339392D303066663632323761616131707371007E001971007E001E7371007E001577080000015E6C84DC007874000350555474002437333632343132652D393661322D313165372D383633652D30306666363232376161613171007E001E74000B454449545F4D4F44554C457074000CE7BC96E8BE91E6A8A1E59D977400072F6D6F64756C6574002465363931333163322D383730642D313165372D616431652D303066663632323761616131707371007E000B000000007704000000007874002464363930363061332D393134622D313165372D386339392D303066663632323761616131707371007E001971007E001E7371007E001577080000015E6C84DC007874000644454C45544574002438323266373134632D393661322D313165372D383633652D30306666363232376161613171007E001E74000D44454C4554455F4D4F44554C457074000CE588A0E999A4E6A8A1E59D977400072F6D6F64756C6574002465363931333163322D383730642D313165372D616431652D303066663632323761616131707371007E000B000000007704000000007874002464363930363061332D393134622D313165372D386339392D303066663632323761616131707371007E001971007E001E7371007E001577080000015E6C84DC0078740004504F535474002438333338636539382D393639632D313165372D383633652D30306666363232376161613171007E001E74000F4745545F4D4F44554C455F545245457074000FE88EB7E58F96E6A8A1E59D97E6A09174000C2F6D6F64756C652F7472656574002465363931333163322D383730642D313165372D616431652D303066663632323761616131707371007E000B000000007704000000007874002464363930363061332D393134622D313165372D386339392D303066663632323761616131707371007E001971007E001E7371007E001577080000015E57EB6C007874000347455474002465666638656461342D393337642D313165372D386339392D30306666363232376161613171007E001E74000A51554552595F4D454E557074000CE69FA5E8AFA2E88F9CE58D9574000F2F7265736F75726365732F6D656E7574002465363931333163322D383730642D313165372D616431652D30306666363232376161613171007E00217371007E000B000000007704000000007874002464363930363061332D393134622D313165372D386339392D303066663632323761616131707874002464363930363061332D393134622D313165372D386339392D303066663632323761616131707874002464363930363061332D393134622D313165372D386339392D3030666636323237616161317371007E001577080000015E0AAC0800787874000873797361646D696E74000FE7B3BBE7BB9FE7AEA1E79086E59198707372002D636F6D2E726963656C696E6B2E636C6F75642E6D61696E2E6D61707065722E6D6F64656C2E4261736555736572560B3335ED6DCD790200094C000661637469766571007E001A4C000361676571007E001A4C000A6372656174654461746571007E00124C000667656E64657271007E00134C0002696471007E00134C000870617373776F726471007E00134C000570686F6E6571007E00134C000A7570646174654461746571007E00124C0008757365724E616D6571007E0013787071007E001E7371007E001C000000167371007E001577080000015E70774FC8787400013174002432333831383134312D383362342D313165372D623335612D3030666636323237616161317074000B31333030303030303030307074000873797361646D696E7871007E000C707372003A6F72672E737072696E676672616D65776F726B2E73656375726974792E6F61757468322E70726F76696465722E4F41757468325265717565737400000000000000010200075A0008617070726F7665644C000B617574686F72697469657371007E00044C000A657874656E73696F6E7374000F4C6A6176612F7574696C2F4D61703B4C000B726564697265637455726971007E00134C00077265667265736874003B4C6F72672F737072696E676672616D65776F726B2F73656375726974792F6F61757468322F70726F76696465722F546F6B656E526571756573743B4C000B7265736F7572636549647374000F4C6A6176612F7574696C2F5365743B4C000D726573706F6E7365547970657371007E01A8787200386F72672E737072696E676672616D65776F726B2E73656375726974792E6F61757468322E70726F76696465722E426173655265717565737436287A3EA37169BD0200034C0008636C69656E74496471007E00134C001172657175657374506172616D657465727371007E01A64C000573636F706571007E01A878707400057465737432737200256A6176612E7574696C2E436F6C6C656374696F6E7324556E6D6F6469666961626C654D6170F1A5A8FE74F507420200014C00016D71007E01A67870737200116A6176612E7574696C2E486173684D61700507DAC1C31660D103000246000A6C6F6164466163746F724900097468726573686F6C6478703F4000000000000C77080000001000000006740004636F6465740006634A5851485674000A6772616E745F74797065740012617574686F72697A6174696F6E5F636F646574000D726573706F6E73655F74797065740004636F6465740006636C69656E74740005746573743274000C72656469726563745F757269740015687474703A2F2F3132372E302E302E313A38303833740009636C69656E745F696471007E01AB78737200256A6176612E7574696C2E436F6C6C656374696F6E7324556E6D6F6469666961626C65536574801D92D18F9B80550200007871007E0009737200176A6176612E7574696C2E4C696E6B656448617368536574D86CD75A95DD2A1E020000787200116A6176612E7574696C2E48617368536574BA44859596B8B7340300007870770C000000103F400000000000017400047573657278017371007E01BE770C000000103F40000000000000787371007E01AE3F400000000000007708000000100000000078740015687474703A2F2F3132372E302E302E313A38303833707371007E01BE770C000000103F40000000000000787371007E01BE770C000000103F4000000000000171007E01B5787372004F6F72672E737072696E676672616D65776F726B2E73656375726974792E61757468656E7469636174696F6E2E557365726E616D6550617373776F726441757468656E7469636174696F6E546F6B656E00000000000001A40200024C000B63726564656E7469616C7371007E00054C00097072696E636970616C71007E00057871007E0003017371007E00077371007E000B0000000177040000000171007E00107871007E01C9737200486F72672E737072696E676672616D65776F726B2E73656375726974792E7765622E61757468656E7469636174696F6E2E57656241757468656E7469636174696F6E44657461696C7300000000000001A40200024C000D72656D6F74654164647265737371007E00134C000973657373696F6E496471007E001378707400093132372E302E302E31740020314537463033363043333245413033414242413131304344463541373531393470737200326F72672E737072696E676672616D65776F726B2E73656375726974792E636F72652E7573657264657461696C732E5573657200000000000001A40200075A00116163636F756E744E6F6E457870697265645A00106163636F756E744E6F6E4C6F636B65645A001563726564656E7469616C734E6F6E457870697265645A0007656E61626C65644C000B617574686F72697469657371007E01A84C000870617373776F726471007E00134C0008757365726E616D6571007E00137870010101017371007E01BB737200116A6176612E7574696C2E54726565536574DD98509395ED875B0300007870737200466F72672E737072696E676672616D65776F726B2E73656375726974792E636F72652E7573657264657461696C732E5573657224417574686F72697479436F6D70617261746F7200000000000001A4020000787077040000000171007E0010787071007E01A4);
INSERT INTO `oauth_refresh_token` VALUES ('a468bc59be646b3a0d4c72c9a2889db5', 0xACED00057372004C6F72672E737072696E676672616D65776F726B2E73656375726974792E6F61757468322E636F6D6D6F6E2E44656661756C744578706972696E674F417574683252656672657368546F6B656E2FDF47639DD0C9B70200014C000A65787069726174696F6E7400104C6A6176612F7574696C2F446174653B787200446F72672E737072696E676672616D65776F726B2E73656375726974792E6F61757468322E636F6D6D6F6E2E44656661756C744F417574683252656672657368546F6B656E73E10E0A6354D45E0200014C000576616C75657400124C6A6176612F6C616E672F537472696E673B787074038465794A68624763694F694A53557A49314E694973496E523563434936496B705856434A392E65794A316332567958326C755A6D38694F6E7369615751694F6949794D7A67784F4445304D5330344D3249304C5445785A546374596A4D31595330774D475A6D4E6A49794E324668595445694C434A3163325679546D46745A534936496E4E356332466B62576C75496977696347467A63336476636D51694F6D353162477773496E426F6232356C496A6F694D544D774D4441774D4441774D4441694C434A6E5A57356B5A5849694F694978496977695957646C496A6F794D69776959574E3061585A6C496A6F784C434A6A636D5668644756455958526C496A6F784E5441314D5449314E4449784D4441774C434A3163475268644756455958526C496A7075645778736653776964584E6C636C39755957316C496A6F6963336C7A59575274615734694C434A7A593239775A53493657794A3163325679496C3073496D463061534936496A6C684D5467304E445A6B4C5456695A6D49744E47457A596931694F4452684C5455334F4746694F5449354E3251314E694973496D5634634349364D5455794E4445794D6A63304E4377695958563061473979615852705A584D694F6C736963336C7A595752746157346958537769616E5270496A6F694E7A68694F575A6C596D45745954426A4F4330304D6D49344C546C6A4D474D744F4463354D44457A4E545A6D4D57493349697769593278705A57353058326C6B496A6F696447567A64434A392E4C4A6F6A66756E47304A505232446C5069506945674866315479633458745276766D71483356316D686B785733325456304570432D474C43376F436E6C594F4A30436943336A386C2D4B4F516C4A41514B586256716C5F63556F584B3258796A525259516E6547304C757A75594B4944384A564A6A48774C4274454A644F673539343844427078736771376E74665051456A5346626E434B524A504F665A6E72727374626650324D4E4A7041755878547773552D3361564C68533562454779654A3362354F3064416A6A4175334A7733615967714832716D4C6F73796F63344C325933784C56366A6B71636C43376B4B6738446343317554426170775247527077384B6E30524E306475614A4B57715A7862354E4E507767756B686D5F4F466B62344C65383069493058447132334E5A37776C456C7575347749474F6E3863777A6957306C31686F4C573253495441314857777A34517372000E6A6176612E7574696C2E44617465686A81014B5974190300007870770800000162DCCB761678, 0xACED0005737200416F72672E737072696E676672616D65776F726B2E73656375726974792E6F61757468322E70726F76696465722E4F417574683241757468656E7469636174696F6EBD400B02166252130200024C000D73746F7265645265717565737474003C4C6F72672F737072696E676672616D65776F726B2F73656375726974792F6F61757468322F70726F76696465722F4F4175746832526571756573743B4C00127573657241757468656E7469636174696F6E7400324C6F72672F737072696E676672616D65776F726B2F73656375726974792F636F72652F41757468656E7469636174696F6E3B787200476F72672E737072696E676672616D65776F726B2E73656375726974792E61757468656E7469636174696F6E2E416273747261637441757468656E7469636174696F6E546F6B656ED3AA287E6E47640E0200035A000D61757468656E746963617465644C000B617574686F7269746965737400164C6A6176612F7574696C2F436F6C6C656374696F6E3B4C000764657461696C737400124C6A6176612F6C616E672F4F626A6563743B787000737200266A6176612E7574696C2E436F6C6C656374696F6E7324556E6D6F6469666961626C654C697374FC0F2531B5EC8E100200014C00046C6973747400104C6A6176612F7574696C2F4C6973743B7872002C6A6176612E7574696C2E436F6C6C656374696F6E7324556E6D6F6469666961626C65436F6C6C656374696F6E19420080CB5EF71E0200014C00016371007E00047870737200136A6176612E7574696C2E41727261794C6973747881D21D99C7619D03000149000473697A6578700000000177040000000173720036636F6D2E726963656C696E6B2E636C6F75642E617574682E706F6A6F2E617574682E426173654772616E746564417574686F726974799A5527223CD4167A0200024C0004726F6C6574002F4C636F6D2F726963656C696E6B2F636C6F75642F6D61696E2F6D61707065722F6D6F64656C2F42617365526F6C653B4C00047573657274002F4C636F6D2F726963656C696E6B2F636C6F75642F6D61696E2F6D61707065722F6D6F64656C2F42617365557365723B78707372002D636F6D2E726963656C696E6B2E636C6F75642E6D61696E2E6D61707065722E6D6F64656C2E42617365526F6C650BD97995AB25F5F80200064C000A637265617465446174657400104C6A6176612F7574696C2F446174653B4C000269647400124C6A6176612F6C616E672F537472696E673B4C00076D6F64756C657371007E00084C0008726F6C65436F646571007E00134C0008726F6C654E616D6571007E00134C000A7570646174654461746571007E001278707372000E6A6176612E7574696C2E44617465686A81014B597419030000787077080000015DF0EC3C007874002465613735626465632D383430342D313165372D623335612D3030666636323237616161317371007E000B0000000177040000000173720038636F6D2E726963656C696E6B2E636C6F75642E6D61696E2E6D61707065722E6D6F64656C2E426173654D6F64756C655265736F7572636573AF75DDF85F16D0C402000E4C00066163746976657400134C6A6176612F6C616E672F496E74656765723B4C000A6372656174654461746571007E00124C000A687474704D6574686F6471007E00134C0002696471007E00134C000B69734F7065726174696E6771007E001A4C000A6D6F64756C65436F646571007E00134C000A6D6F64756C6549636F6E71007E00134C000A6D6F64756C654E616D6571007E00134C000A6D6F64756C655061746871007E00134C0008706172656E74496471007E00134C0004736F727471007E001A4C000A7375624D6F64756C657371007E00084C000873797374656D496471007E00134C000A7570646174654461746571007E00127870737200116A6176612E6C616E672E496E746567657212E2A0A4F781873802000149000576616C7565787200106A6176612E6C616E672E4E756D62657286AC951D0B94E08B0200007870000000017371007E001577080000015DF0EC3C00787074002431313365396339342D383430352D313165372D623335612D3030666636323237616161317371007E001C0000000074000F53545354454D5F53455454494E475374000F656C2D69636F6E2D73657474696E6774000CE7B3BBE7BB9FE8AEBEE7BDAE7400072F73797374656D7071007E001E7371007E000B000000057704000000057371007E001971007E001E7371007E001577080000015E6C84DC00787074002432633832666230362D383430352D313165372D623335612D30306666363232376161613171007E002174000C555345525F4D414E4147454474000C656C2D69636F6E2D6D656E7574000CE794A8E688B7E7AEA1E790867400052F7573657274002431313365396339342D383430352D313165372D623335612D30306666363232376161613171007E001E7371007E000B000000087704000000087371007E001971007E001E7371007E001577080000015E6C84DC007874000347455474002435623563306665322D393661362D313165372D383633652D30306666363232376161613171007E001E74000D4745545F555345525F524F4C4570740018E88EB7E58F96E5B7B2E68E88E69D83E79A84E8A792E889B27400132F757365722F726F6C652F7B7573657249647D74002432633832666230362D383430352D313165372D623335612D303066663632323761616131707371007E000B000000007704000000007874002464363930363061332D393134622D313165372D386339392D303066663632323761616131707371007E001971007E001E7371007E001577080000015E6C84DC0078740004504F535474002437626635613961612D393661362D313165372D383633652D30306666363232376161613171007E001E74000E534156455F555345525F524F4C4570740018E4BF9DE5AD98E794A8E688B7E8A792E889B2E68E88E69D8374000A2F757365722F726F6C6574002432633832666230362D383430352D313165372D623335612D303066663632323761616131707371007E000B000000007704000000007874002464363930363061332D393134622D313165372D386339392D303066663632323761616131707371007E001971007E001E7371007E001577080000015E57EB6C0078740004504F535474002437653937623362332D393661352D313165372D383633652D30306666363232376161613171007E001E74001051554552595F555345525F5441424C4570740012E69FA5E8AFA2E794A8E688B7E8A1A8E6A0BC74000B2F757365722F7461626C6574002432633832666230362D383430352D313165372D623335612D30306666363232376161613171007E00217371007E000B000000007704000000007874002464363930363061332D393134622D313165372D386339392D303066663632323761616131707371007E001971007E001E7371007E001577080000015E6C84DC007874000347455474002438653636396166652D393664632D313165372D383633652D30306666363232376161613171007E001E74001256414C49444154455F555345525F4E414D457074000FE6A0A1E9AA8CE794A8E688B7E5908D7400192F757365722F76616C69646174652F7B757365724E616D657D74002432633832666230362D383430352D313165372D623335612D303066663632323761616131707371007E000B000000007704000000007874002464363930363061332D393134622D313165372D386339392D303066663632323761616131707371007E001971007E001E7371007E001577080000015E57EB6C0078740004504F535474002439643734643765622D393661352D313165372D383633652D30306666363232376161613171007E001E7400084144445F555345527074000CE696B0E5A29EE794A8E688B77400052F7573657274002432633832666230362D383430352D313165372D623335612D30306666363232376161613171007E00217371007E000B000000007704000000007874002464363930363061332D393134622D313165372D386339392D303066663632323761616131707371007E001971007E001E7371007E001577080000015E57EB6C007874000350555474002461646331653264632D393661352D313165372D383633652D30306666363232376161613171007E001E740009454449545F555345527074000CE7BC96E8BE91E794A8E688B77400052F7573657274002432633832666230362D383430352D313165372D623335612D30306666363232376161613171007E00217371007E000B000000007704000000007874002464363930363061332D393134622D313165372D386339392D303066663632323761616131707371007E001971007E001E7371007E001577080000015E57EB6C007874000350555474002463336535666337362D393661352D313165372D383633652D30306666363232376161613171007E001E74000B44454C4554455F555345527074000CE588A0E999A4E794A8E688B77400052F7573657274002432633832666230362D383430352D313165372D623335612D30306666363232376161613171007E00217371007E000B000000007704000000007874002464363930363061332D393134622D313165372D386339392D303066663632323761616131707371007E001971007E001E7371007E001577080000015E57EB6C0078740004504F535474002465316666346431642D393661352D313165372D383633652D30306666363232376161613171007E001E74000E52455345545F50415353574F52447074000CE9878DE7BDAEE5AF86E7A08174001C2F757365722F70617373776F72642F7B6E657750617373776F72647D74002432633832666230362D383430352D313165372D623335612D30306666363232376161613171007E00217371007E000B000000007704000000007874002464363930363061332D393134622D313165372D386339392D303066663632323761616131707874002464363930363061332D393134622D313165372D386339392D3030666636323237616161317371007E001577080000015E0AAC0800787371007E001971007E001E7371007E001577080000015E6C84DC00787074002433326430616561622D383430352D313165372D623335612D30306666363232376161613171007E002174000C524F4C455F4D414E414745447074000CE8A792E889B2E7AEA1E790867400052F726F6C6574002431313365396339342D383430352D313165372D623335612D3030666636323237616161317371007E001C000000027371007E000B000000077704000000077371007E001971007E001E7371007E001577080000015E57EB6C007874000347455474002432363330353834342D393661352D313165372D383633652D30306666363232376161613171007E001E7400144745545F524F4C455F415554485F4D4F44554C4570740018E88EB7E58F96E5B7B2E68E88E69D83E79A84E6A8A1E59D977400132F726F6C652F617574682F7B726F6C6549647D74002433326430616561622D383430352D313165372D623335612D30306666363232376161613171007E00217371007E000B000000007704000000007874002464363930363061332D393134622D313165372D386339392D303066663632323761616131707371007E001971007E001E7371007E001577080000015E6C84DC007874000347455474002433316536633462382D393661362D313165372D383633652D30306666363232376161613171007E001E7400094745545F524F4C455370740012E88EB7E58F96E68980E69C89E8A792E889B27400052F726F6C6574002433326430616561622D383430352D313165372D623335612D303066663632323761616131707371007E000B000000007704000000007874002464363930363061332D393134622D313165372D386339392D303066663632323761616131707371007E001971007E001E7371007E001577080000015E57EB6C0078740004504F535474002434623766333164632D393661352D313165372D383633652D30306666363232376161613171007E001E740015534156455F524F4C455F415554485F4D4F44554C4570740012E4BF9DE5AD98E68E88E69D83E6A8A1E59D9774000C2F6D6F64756C652F726F6C6574002433326430616561622D383430352D313165372D623335612D30306666363232376161613171007E00217371007E000B000000007704000000007874002464363930363061332D393134622D313165372D386339392D303066663632323761616131707371007E001971007E001E7371007E001577080000015E57EB6C0078740004504F535474002438663834613131312D393661342D313165372D383633652D30306666363232376161613171007E001E74001051554552595F524F4C455F5441424C4570740012E69FA5E8AFA2E8A792E889B2E8A1A8E6A0BC74000B2F726F6C652F7461626C6574002433326430616561622D383430352D313165372D623335612D30306666363232376161613171007E00217371007E000B000000007704000000007874002464363930363061332D393134622D313165372D386339392D303066663632323761616131707371007E001971007E001E7371007E001577080000015E57EB6C0078740004504F535474002439666539333362632D393661342D313165372D383633652D30306666363232376161613171007E001E7400084144445F524F4C457074000CE696B0E5A29EE8A792E889B27400052F726F6C6574002433326430616561622D383430352D313165372D623335612D30306666363232376161613171007E00217371007E000B000000007704000000007874002464363930363061332D393134622D313165372D386339392D303066663632323761616131707371007E001971007E001E7371007E001577080000015E57EB6C007874000350555474002461643034656332632D393661342D313165372D383633652D30306666363232376161613171007E001E740009454449545F524F4C457074000CE7BC96E8BE91E8A792E889B27400052F726F6C6574002433326430616561622D383430352D313165372D623335612D30306666363232376161613171007E00217371007E000B000000007704000000007874002464363930363061332D393134622D313165372D386339392D303066663632323761616131707371007E001971007E001E7371007E001577080000015E57EB6C007874000644454C45544574002462613138353839332D393661342D313165372D383633652D30306666363232376161613171007E001E74000B44454C4554455F524F4C457074000CE588A0E999A4E8A792E889B27400052F726F6C6574002433326430616561622D383430352D313165372D623335612D30306666363232376161613171007E00217371007E000B000000007704000000007874002464363930363061332D393134622D313165372D386339392D303066663632323761616131707874002464363930363061332D393134622D313165372D386339392D303066663632323761616131707371007E001971007E001E7371007E001577080000015E6C84DC007874000347455474002439343364316666612D393664642D313165372D383633652D30306666363232376161613171007E002174000B4150505F4D414E414745447074000CE5BA94E794A8E7AEA1E790867400042F61707074002431313365396339342D383430352D313165372D623335612D30306666363232376161613171007E00217371007E000B000000047704000000047371007E001971007E001E7371007E001577080000015E6C84DC0078740004504F535474002462306337636430322D393664642D313165372D383633652D30306666363232376161613171007E001E74000F51554552595F4150505F5441424C4570740012E69FA5E8AFA2E5BA94E794A8E8A1A8E6A0BC74000D2F636C69656E742F7461626C6574002439343364316666612D393664642D313165372D383633652D30306666363232376161613171007E00217371007E000B000000007704000000007874002464363930363061332D393134622D313165372D386339392D303066663632323761616131707371007E001971007E001E7371007E001577080000015E6C84DC0078740004504F535474002463353461303262382D393664642D313165372D383633652D30306666363232376161613171007E001E7400074144445F4150507074000CE696B0E5A29EE5BA94E794A87400072F636C69656E7474002439343364316666612D393664642D313165372D383633652D30306666363232376161613171007E00217371007E000B000000007704000000007874002464363930363061332D393134622D313165372D386339392D303066663632323761616131707371007E001971007E001E7371007E001577080000015E6C84DC007874000350555474002464336663636266622D393664642D313165372D383633652D30306666363232376161613171007E001E740008454449545F4150507074000CE7BC96E8BE91E5BA94E794A87400072F636C69656E7474002439343364316666612D393664642D313165372D383633652D30306666363232376161613171007E00217371007E000B000000007704000000007874002464363930363061332D393134622D313165372D386339392D303066663632323761616131707371007E001971007E001E7371007E001577080000015E6C84DC007874000644454C45544574002465323962643437612D393664642D313165372D383633652D30306666363232376161613171007E001E74000A44454C4554455F4150507074000CE588A0E999A4E5BA94E794A87400072F636C69656E7474002439343364316666612D393664642D313165372D383633652D30306666363232376161613171007E00217371007E000B000000007704000000007874002464363930363061332D393134622D313165372D386339392D303066663632323761616131707874002464363930363061332D393134622D313165372D386339392D303066663632323761616131707371007E001971007E001E7371007E001577080000015E0585AC00787074002462323561303265332D393263372D313165372D386339392D30306666363232376161613171007E002174000E53595354454D5F4D414E414745447074000CE7B3BBE7BB9FE7AEA1E790867400072F73797374656D74002431313365396339342D383430352D313165372D623335612D3030666636323237616161317371007E001C000000037371007E000B000000067704000000067371007E001971007E001E7371007E001577080000015E57EB6C0078740004504F535474002432363735343639622D393661342D313165372D383633652D30306666363232376161613171007E001E74001251554552595F53595354454D5F5441424C4570740012E69FA5E8AFA2E7B3BBE7BB9FE8A1A8E6A0BC74000D2F73797374656D2F7461626C6574002462323561303265332D393263372D313165372D386339392D30306666363232376161613171007E00217371007E000B000000007704000000007874002464363930363061332D393134622D313165372D386339392D303066663632323761616131707371007E001971007E001E7371007E001577080000015E6C84DC007874000347455474002433633662663365322D393639632D313165372D383633652D30306666363232376161613171007E001E74000C51554552595F53595354454D7074000CE69FA5E8AFA2E7B3BBE7BB9F7400072F73797374656D74002462323561303265332D393263372D313165372D386339392D303066663632323761616131707371007E000B000000007704000000007874002464363930363061332D393134622D313165372D386339392D303066663632323761616131707371007E001971007E001E7371007E001577080000015E57EB6C0078740004504F535474002434323137393335352D393661342D313165372D383633652D30306666363232376161613171007E001E74000A4144445F53595354454D7074000CE696B0E5A29EE7B3BBE7BB9F7400072F73797374656D74002462323561303265332D393263372D313165372D386339392D30306666363232376161613171007E00217371007E000B000000007704000000007874002464363930363061332D393134622D313165372D386339392D303066663632323761616131707371007E001971007E001E7371007E001577080000015E57EB6C007874000350555474002435303339623232352D393661342D313165372D383633652D30306666363232376161613171007E001E74000B454449545F53595354454D7074000CE7BC96E8BE91E7B3BBE7BB9F7400072F73797374656D74002462323561303265332D393263372D313165372D386339392D30306666363232376161613171007E00217371007E000B000000007704000000007874002464363930363061332D393134622D313165372D386339392D303066663632323761616131707371007E001971007E001E7371007E001577080000015E57EB6C007874000644454C45544574002435633832626564352D393661342D313165372D383633652D30306666363232376161613171007E001E74000D44454C4554455F53595354454D7074000CE588A0E999A4E7B3BBE7BB9F7400072F73797374656D74002462323561303265332D393263372D313165372D386339392D30306666363232376161613171007E00217371007E000B000000007704000000007874002464363930363061332D393134622D313165372D386339392D303066663632323761616131707371007E001971007E001E7371007E001577080000015E6C84DC007874000347455474002466653461366431662D393661342D313165372D383633652D30306666363232376161613171007E001E7400114745545F53595354454D5F4D4F44554C4570740015E88EB7E58F96E7B3BBE7BB9FE4B88EE6A8A1E59D9774000E2F73797374656D2F6D6F64756C6574002462323561303265332D393263372D313165372D386339392D303066663632323761616131707371007E000B000000007704000000007874002464363930363061332D393134622D313165372D386339392D303066663632323761616131707874002464363930363061332D393134622D313165372D386339392D303066663632323761616131707371007E001971007E001E7371007E001577080000015E0585AC00787074002465363931333163322D383730642D313165372D616431652D30306666363232376161613171007E002174000E4D4F44554C455F4D414E414745447074000CE6A8A1E59D97E7AEA1E790867400072F6D6F64756C6574002431313365396339342D383430352D313165372D623335612D30306666363232376161613171007E010B7371007E000B000000077704000000077371007E001971007E001E7371007E001577080000015E6C84DC0078740004504F535474002431343263653636392D393661322D313165372D383633652D30306666363232376161613171007E001E74001251554552595F4D4F44554C455F5441424C4570740012E69FA5E8AFA2E6A8A1E59D97E8A1A8E6A0BC74000D2F6D6F64756C652F7461626C6574002465363931333163322D383730642D313165372D616431652D303066663632323761616131707371007E000B000000007704000000007874002464363930363061332D393134622D313165372D386339392D303066663632323761616131707371007E001971007E001E7371007E001577080000015E6C84DC0078740004504F535474002435356334386334312D393661322D313165372D383633652D30306666363232376161613171007E001E74000A4144445F4D4F44554C457074000CE696B0E5A29EE6A8A1E59D977400072F6D6F64756C6574002465363931333163322D383730642D313165372D616431652D303066663632323761616131707371007E000B000000007704000000007874002464363930363061332D393134622D313165372D386339392D303066663632323761616131707371007E001971007E001E7371007E001577080000015E6C84DC007874000347455474002435366236373433332D393664632D313165372D383633652D30306666363232376161613171007E001E74001456414C49444154455F4D4F44554C455F434F44457074000CE6A0A1E9AA8CE6A8A1E59D9774001D2F6D6F64756C652F76616C69646174652F7B6D6F64756C65436F64657D74002465363931333163322D383730642D313165372D616431652D303066663632323761616131707371007E000B000000007704000000007874002464363930363061332D393134622D313165372D386339392D303066663632323761616131707371007E001971007E001E7371007E001577080000015E6C84DC007874000350555474002437333632343132652D393661322D313165372D383633652D30306666363232376161613171007E001E74000B454449545F4D4F44554C457074000CE7BC96E8BE91E6A8A1E59D977400072F6D6F64756C6574002465363931333163322D383730642D313165372D616431652D303066663632323761616131707371007E000B000000007704000000007874002464363930363061332D393134622D313165372D386339392D303066663632323761616131707371007E001971007E001E7371007E001577080000015E6C84DC007874000644454C45544574002438323266373134632D393661322D313165372D383633652D30306666363232376161613171007E001E74000D44454C4554455F4D4F44554C457074000CE588A0E999A4E6A8A1E59D977400072F6D6F64756C6574002465363931333163322D383730642D313165372D616431652D303066663632323761616131707371007E000B000000007704000000007874002464363930363061332D393134622D313165372D386339392D303066663632323761616131707371007E001971007E001E7371007E001577080000015E6C84DC0078740004504F535474002438333338636539382D393639632D313165372D383633652D30306666363232376161613171007E001E74000F4745545F4D4F44554C455F545245457074000FE88EB7E58F96E6A8A1E59D97E6A09174000C2F6D6F64756C652F7472656574002465363931333163322D383730642D313165372D616431652D303066663632323761616131707371007E000B000000007704000000007874002464363930363061332D393134622D313165372D386339392D303066663632323761616131707371007E001971007E001E7371007E001577080000015E57EB6C007874000347455474002465666638656461342D393337642D313165372D386339392D30306666363232376161613171007E001E74000A51554552595F4D454E557074000CE69FA5E8AFA2E88F9CE58D9574000F2F7265736F75726365732F6D656E7574002465363931333163322D383730642D313165372D616431652D30306666363232376161613171007E00217371007E000B000000007704000000007874002464363930363061332D393134622D313165372D386339392D303066663632323761616131707874002464363930363061332D393134622D313165372D386339392D303066663632323761616131707874002464363930363061332D393134622D313165372D386339392D3030666636323237616161317371007E001577080000015E0AAC0800787874000873797361646D696E74000FE7B3BBE7BB9FE7AEA1E79086E59198707372002D636F6D2E726963656C696E6B2E636C6F75642E6D61696E2E6D61707065722E6D6F64656C2E4261736555736572560B3335ED6DCD790200094C000661637469766571007E001A4C000361676571007E001A4C000A6372656174654461746571007E00124C000667656E64657271007E00134C0002696471007E00134C000870617373776F726471007E00134C000570686F6E6571007E00134C000A7570646174654461746571007E00124C0008757365724E616D6571007E0013787071007E001E7371007E001C000000167371007E001577080000015E70774FC8787400013174002432333831383134312D383362342D313165372D623335612D3030666636323237616161317074000B31333030303030303030307074000873797361646D696E7871007E000C707372003A6F72672E737072696E676672616D65776F726B2E73656375726974792E6F61757468322E70726F76696465722E4F41757468325265717565737400000000000000010200075A0008617070726F7665644C000B617574686F72697469657371007E00044C000A657874656E73696F6E7374000F4C6A6176612F7574696C2F4D61703B4C000B726564697265637455726971007E00134C00077265667265736874003B4C6F72672F737072696E676672616D65776F726B2F73656375726974792F6F61757468322F70726F76696465722F546F6B656E526571756573743B4C000B7265736F7572636549647374000F4C6A6176612F7574696C2F5365743B4C000D726573706F6E7365547970657371007E01A8787200386F72672E737072696E676672616D65776F726B2E73656375726974792E6F61757468322E70726F76696465722E426173655265717565737436287A3EA37169BD0200034C0008636C69656E74496471007E00134C001172657175657374506172616D657465727371007E01A64C000573636F706571007E01A8787074000474657374737200256A6176612E7574696C2E436F6C6C656374696F6E7324556E6D6F6469666961626C654D6170F1A5A8FE74F507420200014C00016D71007E01A67870737200116A6176612E7574696C2E486173684D61700507DAC1C31660D103000246000A6C6F6164466163746F724900097468726573686F6C6478703F4000000000000C77080000001000000006740004636F64657400064F416C44323174000A6772616E745F74797065740012617574686F72697A6174696F6E5F636F646574000D726573706F6E73655F74797065740004636F6465740006636C69656E747400047465737474000C72656469726563745F757269740015687474703A2F2F3132372E302E302E313A38303833740009636C69656E745F696471007E01AB78737200256A6176612E7574696C2E436F6C6C656374696F6E7324556E6D6F6469666961626C65536574801D92D18F9B80550200007871007E0009737200176A6176612E7574696C2E4C696E6B656448617368536574D86CD75A95DD2A1E020000787200116A6176612E7574696C2E48617368536574BA44859596B8B7340300007870770C000000103F400000000000017400047573657278017371007E01BE770C000000103F40000000000000787371007E01AE3F400000000000007708000000100000000078740015687474703A2F2F3132372E302E302E313A38303833707371007E01BE770C000000103F40000000000000787371007E01BE770C000000103F4000000000000171007E01B5787372004F6F72672E737072696E676672616D65776F726B2E73656375726974792E61757468656E7469636174696F6E2E557365726E616D6550617373776F726441757468656E7469636174696F6E546F6B656E00000000000001A40200024C000B63726564656E7469616C7371007E00054C00097072696E636970616C71007E00057871007E0003017371007E00077371007E000B0000000177040000000171007E00107871007E01C9737200486F72672E737072696E676672616D65776F726B2E73656375726974792E7765622E61757468656E7469636174696F6E2E57656241757468656E7469636174696F6E44657461696C7300000000000001A40200024C000D72656D6F74654164647265737371007E00134C000973657373696F6E496471007E001378707400093132372E302E302E31740020323535434536413846444136424444353230433530464433433044323733413670737200326F72672E737072696E676672616D65776F726B2E73656375726974792E636F72652E7573657264657461696C732E5573657200000000000001A40200075A00116163636F756E744E6F6E457870697265645A00106163636F756E744E6F6E4C6F636B65645A001563726564656E7469616C734E6F6E457870697265645A0007656E61626C65644C000B617574686F72697469657371007E01A84C000870617373776F726471007E00134C0008757365726E616D6571007E00137870010101017371007E01BB737200116A6176612E7574696C2E54726565536574DD98509395ED875B0300007870737200466F72672E737072696E676672616D65776F726B2E73656375726974792E636F72652E7573657264657461696C732E5573657224417574686F72697479436F6D70617261746F7200000000000001A4020000787077040000000171007E0010787071007E01A4);
